element,sp_num,obs_wl_vac(nm),unc_obs_wl,ritz_wl_vac(nm),unc_ritz_wl,intens,Aki(s^-1),Acc,Ei(eV),Ek(eV),conf_i,term_i,J_i,conf_k,term_k,J_k,Type,tp_ref,line_ref
Br,35,,,0.075280353,0.000000008,,2.8749e+13,AA,0.0000,(16469.6622),1s,2S,1/2,6p,2P*,1/2,,T7771,
Br,35,,,0.076216297,0.000000009,,5.1219e+13,AA,0.0000,(16267.4131),1s,2S,1/2,5p,2P*,3/2,,T7771,
Br,35,,,0.076237552,0.000000009,,5.0263e+13,AA,0.0000,(16262.8777),1s,2S,1/2,5p,2P*,1/2,,T7771,
Br,35,,,0.078025916,0.000000010,,1.0160e+14,AA,0.0000,(15890.1304),1s,2S,1/2,4p,2P*,3/2,,T7771,
Br,35,,,0.078069501,0.000000014,,1.0021e+14,AA,0.0000,(15881.2593),1s,2S,1/2,4p,2P*,1/2,,T7771,
Br,35,,,0.08224408,0.00000003,,2.4892e+14,AA,0.0000,(15075.152),1s,2S,1/2,3p,2P*,3/2,,T7771,
Br,35,,,0.08235912,0.00000003,,2.4797e+14,AA,0.0000,(15054.094),1s,2S,1/2,3p,2P*,1/2,,T7771,
Br,35,,,0.097216478,0.000000016,,9.2428e+14,AA,0.0000,(12753.4140),1s,2S,1/2,2p,2P*,3/2,,T7771,
Br,35,,,0.097760627,0.000000016,,9.4595e+14,AA,0.0000,(12682.4267),1s,2S,1/2,2p,2P*,1/2,,T7771,
Br,33,,,0.1000449,0.0000005,,,,[68.8684],(12461.72),1s2.2p,2P*,1/2,1s.2p2,2S,1/2,,,
Br,33,,,0.1002150,0.0000005,,,,[68.8684],(12440.69),1s2.2p,2P*,1/2,1s.2p2,2P,3/2,,,
Br,33,,,0.1004496,0.0000005,,,,0.0000,(12342.93),1s2.2s,2S,1/2,1s.(2S).2s.2p.(1P*),2P*,3/2,,,
Br,33,,,0.1005116,0.0000005,,,,[126.4101],(12461.72),1s2.2p,2P*,3/2,1s.2p2,2S,1/2,,,
Br,33,,,0.1005128,0.0000005,,,,0.0000,(12335.16),1s2.2s,2S,1/2,1s.(2S).2s.2p.(1P*),2P*,1/2,,,
Br,33,,,0.1006773,0.0000005,,,,0.0000,(12315.00),1s2.2s,2S,1/2,1s.(2S).2s.2p.(3P*),2P*,3/2,,,
Br,33,,,0.1006833,0.0000005,,,,[126.4101],(12440.69),1s2.2p,2P*,3/2,1s.2p2,2P,3/2,,,
Br,33,,,0.1007210,0.0000005,,,,[68.8684],(12378.54),1s2.2p,2P*,1/2,1s.2p2,2D,3/2,,,
Br,33,,,0.1007610,0.0000004,,,,[68.8684],(12373.65),1s2.2p,2P*,1/2,1s.2p2,2P,1/2,,,
Br,33,,,0.1008740,0.0000005,,,,[126.4101],(12417.40),1s2.2p,2P*,3/2,1s.2p2,2D,5/2,,,
Br,33,,,0.1008999,0.0000004,,,,[68.8684],(12356.71),1s2.2p,2P*,1/2,1s.2p2,4P,5/2,,,
Br,33,,,0.1009909,0.0000004,,,,[68.8684],(12345.64),1s2.2p,2P*,1/2,1s.2p2,4P,3/2,,,
Br,33,,,0.1010157,0.0000005,,,,0.0000,(12273.75),1s2.2s,2S,1/2,1s.(2S).2s.2p.(3P*),2P*,1/2,,,
Br,33,,,0.1010284,0.0000005,,,,0.0000,(12272.21),1s2.2s,2S,1/2,1s.(2S).2s.2p.(3P*),4P*,5/2,,,
Br,33,,,0.1011940,0.0000005,,,,[126.4101],(12378.54),1s2.2p,2P*,3/2,1s.2p2,2D,3/2,,,
Br,33,,,0.1012344,0.0000005,,,,[126.4101],(12373.65),1s2.2p,2P*,3/2,1s.2p2,2P,1/2,,,
Br,33,,,0.1013230,0.0000005,,,,[68.8684],(12305.40),1s2.2p,2P*,1/2,1s.2p2,4P,1/2,,,
Br,33,,,0.1013746,0.0000005,,,,[126.4101],(12356.71),1s2.2p,2P*,3/2,1s.2p2,4P,5/2,,,
Br,33,,,0.1014159,0.0000005,,,,0.0000,(12225.33),1s2.2s,2S,1/2,1s.(2S).2s.2p.(3P*),4P*,3/2,,,
Br,33,,,0.1014664,0.0000005,,,,[126.4101],(12345.64),1s2.2p,2P*,3/2,1s.2p2,4P,3/2,,,
Br,33,,,0.1014901,0.0000005,,,,0.0000,(12216.38),1s2.2s,2S,1/2,1s.(2S).2s.2p.(3P*),4P*,1/2,,,
Br,33,,,0.1018017,0.0000005,,,,[126.4101],(12305.40),1s2.2p,2P*,3/2,1s.2p2,4P,1/2,,,
Br,33,,,0.1022105,0.0000006,,,,[68.8684],(12199.15),1s2.2p,2P*,1/2,1s.2s2,2S,1/2,,,
Br,33,,,0.1026976,0.0000006,,,,[126.4101],(12199.15),1s2.2p,2P*,3/2,1s.2s2,2S,1/2,,,
Br,35,,,0.32736878,0.00000016,,3.8200e+11,AA,(12682.4267),(16469.7212),2p,2P*,1/2,6s,2S,1/2,,T7771,
Br,35,,,0.32750910,0.00000015,,4.4093e+12,AA,(12683.9903),(16469.6622),2s,2S,1/2,6p,2P*,1/2,,T7771,
Br,35,,,0.33362204,0.00000017,,8.5932e+11,AA,(12753.4140),(16469.7212),2p,2P*,3/2,6s,2S,1/2,,T7771,
Br,35,,,0.34584369,0.00000015,,1.2398e+13,AA,(12682.4267),(16267.40454),2p,2P*,1/2,5d,2D,3/2,,T7771,
Br,35,,,0.34599378,0.00000018,,7.4282e+12,AA,(12683.9903),(16267.4131),2s,2S,1/2,5p,2P*,3/2,,T7771,
Br,35,,,0.3462710,0.0000003,,6.7076e+11,AA,(12682.4267),(16262.9805),2p,2P*,1/2,5s,2S,1/2,,T7771,
Br,35,,,0.34643224,0.00000019,,7.6586e+12,AA,(12683.9903),(16262.8777),2s,2S,1/2,5p,2P*,1/2,,T7771,
Br,35,,,0.35268248,0.00000015,,1.4158e+13,AA,(12753.4140),(16268.87632),2p,2P*,3/2,5d,2D,5/2,,T7771,
Br,35,,,0.35283020,0.00000015,,2.3185e+12,AA,(12753.4140),(16267.40454),2p,2P*,3/2,5d,2D,3/2,,T7771,
Br,35,,,0.3532750,0.0000003,,1.5104e+12,AA,(12753.4140),(16262.9805),2p,2P*,3/2,5s,2S,1/2,,T7771,
Br,35,,,0.38652216,0.00000018,,2.6987e+13,AA,(12682.4267),(15890.11333),2p,2P*,1/2,4d,2D,3/2,,T7771,
Br,35,,,0.3867086,0.0000003,,1.4449e+13,AA,(12683.9903),(15890.1304),2s,2S,1/2,4p,2P*,3/2,,T7771,
Br,35,,,0.3875679,0.0000005,,1.3444e+12,AA,(12682.4267),(15881.458),2p,2P*,1/2,4s,2S,1/2,,T7771,
Br,35,,,0.3877816,0.0000004,,1.5037e+13,AA,(12683.9903),(15881.2593),2s,2S,1/2,4p,2P*,1/2,,T7771,
Br,35,,,0.39490778,0.00000019,,3.0975e+13,AA,(12753.4140),(15892.98740),2p,2P*,3/2,4d,2D,5/2,,T7771,
Br,35,,,0.39526963,0.00000019,,5.0962e+12,AA,(12753.4140),(15890.11333),2p,2P*,3/2,4d,2D,3/2,,T7771,
Br,35,,,0.3963633,0.0000005,,3.0344e+12,AA,(12753.4140),(15881.458),2p,2P*,3/2,4s,2S,1/2,,T7771,
Br,35,,,0.5181800,0.0000003,,8.3171e+13,AA,(12682.4267),(15075.11276),2p,2P*,1/2,3d,2D,3/2,,T7771,
Br,35,,,0.5185103,0.0000011,,3.3045e+13,AA,(12683.9903),(15075.152),2s,2S,1/2,3p,2P*,3/2,,T7771,
Br,35,,,0.5226686,0.0000019,,3.2988e+12,AA,(12682.4267),(15054.564),2p,2P*,1/2,3s,2S,1/2,,T7771,
Br,35,,,0.5231171,0.0000014,,3.5199e+13,AA,(12683.9903),(15054.094),2s,2S,1/2,3p,2P*,1/2,,T7771,
Br,35,,,0.5324633,0.0000003,,9.6827e+13,AA,(12753.4140),(15081.91614),2p,2P*,3/2,3d,2D,5/2,,T7771,
Br,35,,,0.5340236,0.0000003,,1.6113e+13,AA,(12753.4140),(15075.11276),2p,2P*,3/2,3d,2D,3/2,,T7771,
Br,35,,,0.5387923,0.0000021,,7.5099e+12,AA,(12753.4140),(15054.564),2p,2P*,3/2,3s,2S,1/2,,T7771,
Br,35,,,0.875825,0.000004,,2.6182e+11,AA,(15054.094),(16469.7212),3p,2P*,1/2,6s,2S,1/2,,T7771,
Br,35,,,0.876153,0.000005,,1.4782e+12,AA,(15054.564),(16469.6622),3s,2S,1/2,6p,2P*,1/2,,T7771,
Br,35,,,0.889050,0.000003,,5.8287e+11,AA,(15075.152),(16469.7212),3p,2P*,3/2,6s,2S,1/2,,T7771,
Br,35,,,0.8890628,0.0000006,,1.4219e+11,AA,(15075.11276),(16469.6622),3d,2D,3/2,6p,2P*,1/2,,T7771,
Br,35,,,1.021867,0.000005,,4.3259e+12,AA,(15054.094),(16267.40454),3p,2P*,1/2,5d,2D,3/2,,T7771,
Br,35,,,1.022256,0.000007,,2.4093e+12,AA,(15054.564),(16267.4131),3s,2S,1/2,5p,2P*,3/2,,T7771,
Br,35,,,1.025607,0.000006,,4.6781e+11,AA,(15054.094),(16262.9805),3p,2P*,1/2,5s,2S,1/2,,T7771,
Br,35,,,1.026093,0.000007,,2.5426e+12,AA,(15054.564),(16262.8777),3s,2S,1/2,5p,2P*,1/2,,T7771,
Br,35,,,1.03860155,0.00000011,,6.4528e+12,AA,(15075.11276),(16268.87372),3d,2D,3/2,5f,2F*,5/2,,T7771,
Br,35,,,1.038633,0.000004,,5.1119e+12,AA,(15075.152),(16268.87632),3p,2P*,3/2,5d,2D,5/2,,T7771,
Br,35,,,1.0398739,0.0000010,,2.2800e+10,AA,(15075.11276),(16267.4131),3d,2D,3/2,5p,2P*,3/2,,T7771,
Br,35,,,1.039915,0.000004,,8.5310e+11,AA,(15075.152),(16267.40454),3p,2P*,3/2,5d,2D,3/2,,T7771,
Br,35,,,1.043789,0.000005,,1.0441e+12,AA,(15075.152),(16262.9805),3p,2P*,3/2,5s,2S,1/2,,T7771,
Br,35,,,1.0438445,0.0000011,,2.7173e+11,AA,(15075.11276),(16262.8777),3d,2D,3/2,5p,2P*,1/2,,T7771,
Br,35,,,1.04391184,0.00000011,,6.8243e+12,AA,(15081.91614),(16269.60454),3d,2D,5/2,5f,2F*,7/2,,T7771,
Br,35,,,1.04455459,0.00000011,,4.5067e+11,AA,(15081.91614),(16268.87372),3d,2D,5/2,5f,2F*,5/2,,T7771,
Br,35,,,1.0458416,0.0000010,,2.1632e+11,AA,(15081.91614),(16267.4131),3d,2D,5/2,5p,2P*,3/2,,T7771,
Br,35,,,1.483031,0.000011,,8.8015e+12,AA,(15054.094),(15890.11333),3p,2P*,1/2,4d,2D,3/2,,T7771,
Br,35,,,1.483835,0.000016,,4.4319e+12,AA,(15054.564),(15890.1304),3s,2S,1/2,4p,2P*,3/2,,T7771,
Br,35,,,1.498545,0.000013,,9.5126e+11,AA,(15054.094),(15881.458),3p,2P*,1/2,4s,2S,1/2,,T7771,
Br,35,,,1.499757,0.000016,,4.7794e+12,AA,(15054.564),(15881.2593),3s,2S,1/2,4p,2P*,1/2,,T7771,
Br,35,,,1.51594086,0.00000025,,1.9483e+13,AA,(15075.11276),(15892.98238),3d,2D,3/2,4f,2F*,5/2,,T7771,
Br,35,,,1.516004,0.000009,,1.0555e+13,AA,(15075.152),(15892.98740),3p,2P*,3/2,4d,2D,5/2,,T7771,
Br,35,,,1.521246,0.000003,,5.2907e+10,AA,(15075.11276),(15890.1304),3d,2D,3/2,4p,2P*,3/2,,T7771,
Br,35,,,1.521351,0.000009,,1.7780e+12,AA,(15075.152),(15890.11333),3p,2P*,3/2,4d,2D,3/2,,T7771,
Br,35,,,1.5259734,0.0000003,,2.0692e+13,AA,(15081.91614),(15894.40868),3d,2D,5/2,4f,2F*,7/2,,T7771,
Br,35,,,1.5286569,0.0000003,,1.3757e+12,AA,(15081.91614),(15892.98238),3d,2D,5/2,4f,2F*,5/2,,T7771,
Br,35,,,1.534051,0.000003,,5.0259e+11,AA,(15081.91614),(15890.1304),3d,2D,5/2,4p,2P*,3/2,,T7771,
Br,35,,,1.537681,0.000012,,2.1433e+12,AA,(15075.152),(15881.458),3p,2P*,3/2,4s,2S,1/2,,T7771,
Br,35,,,1.537986,0.000005,,6.3380e+11,AA,(15075.11276),(15881.2593),3d,2D,3/2,4p,2P*,1/2,,T7771,
Br,35,,,2.106920,0.000010,,1.8426e+11,AA,(15881.2593),(16469.7212),4p,2P*,1/2,6s,2S,1/2,,T7771,
Br,35,,,2.107844,0.000014,,6.8872e+11,AA,(15881.458),(16469.6622),4s,2S,1/2,6p,2P*,1/2,,T7771,
Br,35,,,2.139168,0.000007,,4.0856e+11,AA,(15890.1304),(16469.7212),4p,2P*,3/2,6s,2S,1/2,,T7771,
Br,35,,,2.139323,0.000003,,1.6699e+11,AA,(15890.11333),(16469.6622),4d,2D,3/2,6p,2P*,1/2,,T7771,
Br,35,,,3.210818,0.000021,,1.8222e+12,AA,(15881.2593),(16267.40454),4p,2P*,1/2,5d,2D,3/2,,T7771,
Br,35,,,3.21240,0.00003,,1.0526e+12,AA,(15881.458),(16267.4131),4s,2S,1/2,5p,2P*,3/2,,T7771,
Br,35,,,3.24803,0.00003,,3.3250e+11,AA,(15881.2593),(16262.9805),4p,2P*,1/2,5s,2S,1/2,,T7771,
Br,35,,,3.25060,0.00003,,1.1423e+12,AA,(15881.458),(16262.8777),4s,2S,1/2,5p,2P*,1/2,,T7771,
Br,35,,,3.2734204,0.0000011,,3.6345e+12,AA,(15890.11333),(16268.87372),4d,2D,3/2,5f,2F*,5/2,,T7771,
Br,35,,,3.273546,0.000013,,2.2204e+12,AA,(15890.1304),(16268.87632),4p,2P*,3/2,5d,2D,5/2,,T7771,
Br,35,,,3.286093,0.000010,,2.8629e+10,AA,(15890.11333),(16267.4131),4d,2D,3/2,5p,2P*,3/2,,T7771,
Br,35,,,3.286316,0.000013,,3.7610e+11,AA,(15890.1304),(16267.40454),4p,2P*,3/2,5d,2D,3/2,,T7771,
Br,35,,,3.2920166,0.0000004,,6.1832e+12,AA,(15892.98238),(16269.603196),4f,2F*,5/2,5g,2G,7/2,,T7771,
Br,35,,,3.2920487,0.0000011,,3.8824e+12,AA,(15892.98740),(16269.60454),4d,2D,5/2,5f,2F*,7/2,,T7771,
Br,35,,,3.2983825,0.0000009,,3.6351e+09,AA,(15892.98238),(16268.87632),4f,2F*,5/2,5d,2D,5/2,,T7771,
Br,35,,,3.2984494,0.0000011,,2.5948e+11,AA,(15892.98740),(16268.87372),4d,2D,5/2,5f,2F*,5/2,,T7771,
Br,35,,,3.3006853,0.0000004,,6.3881e+12,AA,(15894.40868),(16270.040375),4f,2F*,7/2,5g,2G,9/2,,T7771,
Br,35,,,3.3045312,0.0000004,,2.2761e+11,AA,(15894.40868),(16269.603196),4f,2F*,7/2,5g,2G,7/2,,T7771,
Br,35,,,3.3109456,0.0000009,,7.4917e+10,AA,(15894.40868),(16268.87632),4f,2F*,7/2,5d,2D,5/2,,T7771,
Br,35,,,3.311317,0.000010,,2.7055e+11,AA,(15892.98740),(16267.4131),4d,2D,5/2,5p,2P*,3/2,,T7771,
Br,35,,,3.3113478,0.0000009,,8.1480e+10,AA,(15892.98238),(16267.40454),4f,2F*,5/2,5d,2D,3/2,,T7771,
Br,35,,,3.32531,0.00003,,7.4477e+11,AA,(15890.1304),(16262.9805),4p,2P*,3/2,5s,2S,1/2,,T7771,
Br,35,,,3.326074,0.000011,,3.3617e+11,AA,(15890.11333),(16262.8777),4d,2D,3/2,5p,2P*,1/2,,T7771,
Br,35,,,5.99411,0.00005,,1.3767e+11,AA,(16262.8777),(16469.7212),5p,2P*,1/2,6s,2S,1/2,,T7771,
Br,35,,,5.99880,0.00008,,3.7462e+11,AA,(16262.9805),(16469.6622),5s,2S,1/2,6p,2P*,1/2,,T7771,
Br,35,,,6.0797043,0.0000003,,2.4704e+12,AA,(16270.040375),(16473.9716715),5g,2G,9/2,6h,2H*,11/2,,T7771,
Br,35,,,6.12848,0.00005,,3.0725e+11,AA,(16267.4131),(16469.7212),5p,2P*,3/2,6s,2S,1/2,,T7771,
Br,35,,,6.13001,0.00003,,1.6877e+11,AA,(16267.40454),(16469.6622),5d,2D,3/2,6p,2P*,1/2,,T7771,
Br,33,9.80809,0.00013,9.80809,0.00013,j,,,0.0000,[126.4101],1s2.2s,2S,1/2,1s2.2p,2P*,3/2,,,u57
Br,35,,,17.85907,0.00006,,2.5562e+09,AA,(12683.9903),(12753.4140),2s,2S,1/2,2p,2P*,3/2,,T7771,
Br,33,18.00306,0.00049,18.0031,0.0005,j,,,0.0000,[68.8684],1s2.2s,2S,1/2,1s2.2p,2P*,1/2,,,u57
Br,4,36.6636,,36.6633+,,100,,,0.32509,34.1420,4s2.4p2,3P,1,,2,"1,2",,,L1157
Br,4,37.0694,,37.0697+,,200,,,0.69579,34.1420,4s2.4p2,3P,2,,2,"1,2",,,L1157
Br,4,37.9734,,37.9739+,,700,,,0.32509,32.9750,4s2.4p2,3P,1,,1,2,,,L1157
Br,4,38.4101,,38.4100+,,600,,,0.69579,32.9750,4s2.4p2,3P,2,,1,2,,,L1157
Br,4,40.0370,,40.0367+,,700,,,2.00735,32.9750,4s2.4p2,1D,2,,1,2,,,L1157
Br,5,46.837,,,,600,,,,,,,,,,,,,L930
Br,5,48.211,,,,800,,,,,,,,,,,,,L930
Br,5,53.197,,,,900,,,,,,,,,,,,,L930
Br,4,53.4457,,53.4469+,,350,,,0.00000,23.19764,4s2.4p2,3P,0,4s2.4p.5s,1P,1,,,L1157
Br,4,54.2055,,54.2065+,,800,,,0.32509,23.19764,4s2.4p2,3P,1,4s2.4p.5s,1P,1,,,L1157
Br,4,54.5429,,54.5439+,,1000,,,0.32509,23.05619,4s2.4p2,3P,1,4s2.4p.5s,3P,2,,,L1157
Br,5,54.790,,,,1000,,,,,,,,,,,,,L930
Br,5,54.977,,,,700,,,,,,,,,,,,,L930
Br,4,54.9940,,54.9934+,,800,,,0.00000,22.54529,4s2.4p2,3P,0,4s2.4p.5s,3P,1,,,L1157
Br,4,55.4481,,55.4481+,,900,,,0.69579,23.05619,4s2.4p2,3P,2,4s2.4p.5s,3P,2,,,L1157
Br,4,55.5727,,55.5711+,,700,,,0.00000,22.31092,4s2.4p2,3P,0,4s2.4p.4d,3P,1,,,L1157
Br,4,55.5934,,55.5922+,,600,,,0.32509,22.62753,4s2.4p2,3P,1,4s2.4p.4d,1D,2,,,L1157
Br,4,55.7984,,55.7980+,,900,,,0.32509,22.54529,4s2.4p2,3P,1,4s2.4p.5s,3P,1,,,L1157
Br,4,55.9756,,55.9762+,,1000,,,0.32509,22.47452,4s2.4p2,3P,1,4s2.4p.4d,1P,1,,,L1157
Br,4,56.3788,,56.3788+,,900,,,0.32509,22.31636,4s2.4p2,3P,1,4s2.4p.5s,3P,0,,,L1157
Br,4,56.3937,,56.3928+,,800,,,0.32509,22.31092,4s2.4p2,3P,1,4s2.4p.4d,3P,1,,,L1157
Br,4,56.5314,,56.5319+,,900,,,0.69579,22.62753,4s2.4p2,3P,2,4s2.4p.4d,1D,2,,,L1157
Br,4,56.7443,,56.7446+,,800,,,0.69579,22.54529,4s2.4p2,3P,2,4s2.4p.5s,3P,1,,,L1157
Br,4,56.9194,,56.9201+,,1000,,,0.32509,22.10725,4s2.4p2,3P,1,4s2.4p.4d,3P,0,,,L1157
Br,4,56.9291,,56.9290+,,800,,,0.69579,22.47452,4s2.4p2,3P,2,4s2.4p.4d,1P,1,,,L1157
Br,4,57.3600,,57.3599+,,900,,,0.69579,22.31092,4s2.4p2,3P,2,4s2.4p.4d,3P,1,,,L1157
Br,4,57.6589,,57.6592+,,1000,,,0.32509,21.82803,4s2.4p2,3P,1,4s2.4p.4d,3P,2,,,L1157
Br,4,57.9953,,57.9948+,,250,,,0.69579,22.07431,4s2.4p2,3P,2,4s2.4p.4d,1F,3,,,L1157
Br,4,58.5102,,58.5099+,,1000,,,2.00735,23.19764,4s2.4p2,1D,2,4s2.4p.5s,1P,1,,,L1157
Br,4,58.6710,,58.6706+,,1000,,,0.69579,21.82803,4s2.4p2,3P,2,4s2.4p.4d,3P,2,,,L1157
Br,4,58.9043,,58.9031+,,50,,,2.00735,23.05619,4s2.4p2,1D,2,4s2.4p.5s,3P,2,,,L1157
Br,4,59.7514,,59.7526+,,1000,,,0.00000,20.74957,4s2.4p2,3P,0,4s2.4p.4d,3D,1,,,L1157
Br,4,59.9594,,59.9587+,,250,,,0.32509,21.00336,4s2.4p2,3P,1,4s2.4p.4d,3D,2,,,L1157
Br,4,60.0085,,60.0085+,,1000,,,0.69579,21.35689,4s2.4p2,3P,2,4s2.4p.4d,3D,3,,,L1157
Br,4,60.1265,,60.1276+,,1000,,,2.00735,22.62753,4s2.4p2,1D,2,4s2.4p.4d,1D,2,,,L1157
Br,4,60.3674,,60.3684+,,900,,,2.00735,22.54529,4s2.4p2,1D,2,4s2.4p.5s,3P,1,,,L1157
Br,4,60.5778,,60.5771+,,900,,,2.00735,22.47452,4s2.4p2,1D,2,4s2.4p.4d,1P,1,,,L1157
Br,4,60.7031,,60.7037+,,1000,,,0.32509,20.74957,4s2.4p2,3P,1,4s2.4p.4d,3D,1,,,L1157
Br,4,61.0540,,61.0532+,,500,,,0.69579,21.00336,4s2.4p2,3P,2,4s2.4p.4d,3D,2,,,L1157
Br,4,61.0640,,61.0652+,,400,,,2.00735,22.31092,4s2.4p2,1D,2,4s2.4p.4d,3P,1,,,L1157
Br,3,61.11,,,,450,,,,,,,,,,,,,L7483
Br,4,61.7851,,61.7853+,,1000,,,2.00735,22.07431,4s2.4p2,1D,2,4s2.4p.4d,1F,3,,,L1157
Br,4,61.8261,,61.8258+,,900,,,0.69579,20.74957,4s2.4p2,3P,2,4s2.4p.4d,3D,1,,,L1157
Br,4,61.9871,,61.9890+,,1000,,,0.00000,20.00101,4s2.4p2,3P,0,4s.4p3,3S,1,,,L1157
Br,3,62.04,,,,300,,,,,,,,,,,,,L7483
Br,5,62.103,,,,800,,,,,,,,,,,,,L930
Br,4,62.3234,,62.3202+,,700?,,,0.32509,20.21978,4s2.4p2,3P,1,4s2.4p.4d,3F,2,,,L1157
Br,4,62.5528,,62.5530+,,750,,,2.00735,21.82803,4s2.4p2,1D,2,4s2.4p.4d,3P,2,,,L1157
Br,4,63.0135,,63.0132+,,1000,,,0.32509,20.00101,4s2.4p2,3P,1,4s.4p3,3S,1,,,L1157
Br,5,63.222,,,,800,,,,,,,,,,,,,L930
Br,4,63.5035,,63.5035+,,700,,,0.69579,20.21978,4s2.4p2,3P,2,4s2.4p.4d,3F,2,,,L1157
Br,4,63.7437,,63.7438+,,900,,,0.69579,20.14619,4s2.4p2,3P,2,4s.4p3,1P,1,,,L1157
Br,4,64.2227,,64.2231+,,1000,,,0.69579,20.00101,4s2.4p2,3P,2,4s.4p3,3S,1,,,L1157
Br,5,64.544,,,,700,,,,,,,,,,,,,L930
Br,4,64.9773,,64.9769+,,700,,,0.69579,19.77705,4s2.4p2,3P,2,4s2.4p.4d,3F,3,,,L1157
Br,5,65.264,,,,400,,,,,,,,,,,,,L930
Br,4,65.2667,,65.2686+,,400,,,2.00735,21.00336,4s2.4p2,1D,2,4s2.4p.4d,3D,2,,,L1157
Br,5,65.754,,,,800,,,,,,,,,,,,,L930
Br,4,66.1528,,66.1524+,,1000,,,2.00735,20.74957,4s2.4p2,1D,2,4s2.4p.4d,3D,1,,,L1157
Br,3,66.554,,,,500,,,,,,,,,,,,,L773
Br,3,67.719,,,,500,,,,,,,,,,,,,L773
Br,3,67.78,,,,300,,,,,,,,,,,,,L7483
Br,5,67.962,,,,800,,,,,,,,,,,,,L930
Br,4,68.0784,,68.0767+,,800,,,2.00735,20.21978,4s2.4p2,1D,2,4s2.4p.4d,3F,2,,,L1157
Br,4,68.3510,,68.3529+,,1000,,,2.00735,20.14619,4s2.4p2,1D,2,4s.4p3,1P,1,,,L1157
Br,3,68.768,,,,450,,,,,,,,,,,,,L773
Br,4,68.9045,,68.9044+,,700,,,2.00735,20.00101,4s2.4p2,1D,2,4s.4p3,3S,1,,,L1157
Br,3,69.02,,,,400,,,,,,,,,,,,,L7483
Br,3,69.699,,,,350,,,,,,,,,,,,,L773
Br,4,69.7723,,69.7728+,,1000,,,2.00735,19.77705,4s2.4p2,1D,2,4s2.4p.4d,3F,3,,,L1157
Br,4,70.3866,,70.3870+,,700,,,0.00000,17.61463,4s2.4p2,3P,0,4s.4p3,3P,1,,,L1157
Br,2,71.168,,,,300,,,,,,,,,,,,,L7484
Br,4,71.5385,,71.5371+,,1000,,,0.32509,17.65654,4s2.4p2,3P,1,4s.4p3,3P,2,,,L1157
Br,4,71.7098,,71.7105+,,500,,,0.32509,17.61463,4s2.4p2,3P,1,4s.4p3,3P,1,,,L1157
Br,4,72.2956,,72.2951+,,200,,,0.69579,17.84552,4s2.4p2,3P,2,4s.4p3,1D,2,,,L1157
Br,3,72.70,,,,300,,,,,,,,,,,,,L7483
Br,4,72.9570,,72.9499+,,800,,,0.32509,17.32088,4s2.4p2,3P,1,4s.4p3,3P,0,,,L1157
Br,4,73.1001,,73.1006+,,1000,,,0.69579,17.65654,4s2.4p2,3P,2,4s.4p3,3P,2,,,L1157
Br,4,73.2830,,73.2817+,,750,,,0.69579,17.61463,4s2.4p2,3P,2,4s.4p3,3P,1,,,L1157
Br,3,73.64,,,,300,,,,,,,,,,,,,L7483
Br,4,75.7633,,75.7611+,,400,,,10.42133,26.78648,4s.4p3,5S,2,4s2.4p.5p,3D,1,,,L1157
Br,3,76.963,,,,250,,,,,,,,,,,,,L773
Br,4,78.2808,,78.2819+,,700,,,2.00735,17.84552,4s2.4p2,1D,2,4s.4p3,1D,2,,,L1157
Br,4,78.4645,,78.4660+,,900,,,0.00000,15.80100,4s2.4p2,3P,0,4s.4p3,3D,1,,,L1157
Br,4,79.2261,,79.2272+,,300,,,2.00735,17.65654,4s2.4p2,1D,2,4s.4p3,3P,2,,,L1157
Br,4,80.0122,,80.0127+,,1000,,,0.32509,15.82064,4s2.4p2,3P,1,4s.4p3,3D,2,,,L1157
Br,4,80.1145,,80.1143+,,800,,,0.32509,15.80100,4s2.4p2,3P,1,4s.4p3,3D,1,,,L1157
Br,5,81.295,,,,700,,,,,,,,,,,,,L930
Br,4,81.3657,,81.3657+,,1000,,,0.69579,15.93368,4s2.4p2,3P,2,4s.4p3,3D,3,,,L1157
Br,2,81.548,,,,250,,,,,,,,,,,,,L7484
Br,3,81.779,,,,250,,,,,,,,,,,,,L773
Br,4,81.9732,,81.9738+,,800,,,0.69579,15.82064,4s2.4p2,3P,2,4s.4p3,3D,2,,,L1157
Br,4,82.0804,,82.0804+,,600,,,0.69579,15.80100,4s2.4p2,3P,2,4s.4p3,3D,1,,,L1157
Br,5,85.081,,,,1000,,,,,,,,,,,,,L930
Br,5,85.527,,,,150,,,,,,,,,,,,,L930
Br,2,85.619,,,,350,,,,,,,,,,,,,L7484
Br,2,88.923,,,,1000,,,,,,,,,,,,,L7484
Br,2,89.664,,,,500,,,,,,,,,,,,,L7484
Br,4,89.7577,,89.7572+,,250,,,2.00735,15.82064,4s2.4p2,1D,2,4s.4p3,3D,2,,,L1157
Br,4,89.8863,,89.8850+,,800,,,2.00735,15.80100,4s2.4p2,1D,2,4s.4p3,3D,1,,,L1157
Br,2,90.599,,,,500,,,,,,,,,,,,,L7484
Br,2,92.256,,,,300,,,,,,,,,,,,,L7484
Br,2,94.897,,,,1000,,,,,,,,,,,,,L7484
Br,3,94.90,,,,350,,,,,,,,,,,,,L7483
Br,3,96.04,,,,400,,,,,,,,,,,,,L7483
Br,3,98.49,,,,450,,,,,,,,,,,,,L7483
Br,2,98.493,,,,500,,,,,,,,,,,,,L7484
Br,2,101.210,,,,500,,,,,,,,,,,,,L7392
Br,2,101.554,,,,1000,,,,,,,,,,,,,L7484
Br,4,101.6346,,101.6412+,,80,,,15.80100,27.99923,4s.4p3,3D,1,4s2.4p.5p,1D,2,,,L1157
Br,2,103.702,,,,500,,,,,,,,,,,,,L7392
Br,5,104.160,,,,600,,,,,,,,,,,,,L930
Br,2,104.900,,,,1000,,,,,,,,,,,,,L7484
Br,4,106.4325,,106.4327+,,250,,,15.80100,27.45008,4s.4p3,3D,1,4s2.4p.5p,3P,2,,,L1157
Br,2,106.476,,,,450,,,,,,,,,,,,,L7484
Br,5,106.915,,,,1000,,,,,,,,,,,,,L930
Br,2,107.187,,,,500,,,,,,,,,,,,,L7392
Br,4,107.6587,,107.6589+,,700,,,15.93368,27.45008,4s.4p3,3D,3,4s2.4p.5p,3P,2,,,L1157
Br,5,108.054,,,,500,,,,,,,,,,,,,L930
Br,4,108.8921,,108.8990+,,150,,,15.93368,27.31893,4s.4p3,3D,3,4s2.4p.5p,3D,3,,,L1157
Br,1,110.1498,0.00035,110.1498+,,250,,,0.456912,11.71287,4s2.4p5,2P*,1/2,4s2.4p4.(1D<2>).6s,2[2],3/2,,,L351
Br,5,111.213,,,,900,,,,,,,,,,,,,L930
Br,4,112.3726,,112.3710+,,25,,,15.80100,26.83447,4s.4p3,3D,1,4s2.4p.5p,3D,2,,,L1157
Br,4,112.8545,,112.8620+,,200,,,15.80100,26.78648,4s.4p3,3D,1,4s2.4p.5p,3D,1,,,L1157
Br,1,113.4588,0.0007,113.46221+,,300*,,,0.000000,10.927356,4s2.4p5,2P*,3/2,4s2.4p4.(3P<2>).7s,2[2],5/2,,,L351
Br,1,113.4588,0.0007,113.45753+,,300*,,,0.456912,11.384719,4s2.4p5,2P*,1/2,4s2.4p4.(3P<2>).7d,2[0],1/2,,,L351
Br,1,113.6294,0.00035,113.62900+,,250,,,0.456912,11.368228,4s2.4p5,2P*,1/2,4s2.4p4.(3P<2>).7d,2[1],1/2,,,L351
Br,5,114.356,,,,1000,,,,,,,,,,,,,L930
Br,1,117.7233,0.00035,117.72301+,,250,,,0.000000,10.531858,4s2.4p5,2P*,3/2,4s2.4p4.(3P<0>).4d,2[2],5/2,,,L351
Br,1,117.8895,0.00035,117.88894+,,400,6.e+06,E,0.000000,10.517034,4s2.4p5,2P*,3/2,4s.4p6,2S,1/2,,T3187,L351
Br,1,118.9279,0.00035,118.92767+,,1000,,,0.456912,10.882088,4s2.4p5,2P*,1/2,4s2.4p4.(3P<2>).5d,2[2],3/2,,,L351
Br,1,118.9378,0.00035,118.93786+,,250,,,0.000000,10.424284,4s2.4p5,2P*,3/2,4s2.4p4.(3P<1>).4d,2[2],3/2,,,L351
Br,1,118.9498,0.00035,118.95001+,,1000,,,0.456912,10.880130,4s2.4p5,2P*,1/2,4s2.4p4.(3P<2>).5d,2[0],1/2,,,L351
Br,1,119.8371,0.00035,119.83739+,,500,,,0.456912,10.802948,4s2.4p5,2P*,1/2,4s2.4p4.(3P<2>).5d,2[1],3/2,,,L351
Br,4,119.8714,,119.8762+,,100,,,17.65654,27.99923,4s.4p3,3P,2,4s2.4p.5p,1D,2,,,L1157
Br,1,120.9756,0.00035,120.97520+,,800,,,0.000000,10.248728,4s2.4p5,2P*,3/2,4s2.4p4.(3P<2>).6s,2[2],3/2,,,L351
Br,1,121.0734,0.00035,121.07392+,,1000,,,0.456912,10.697283,4s2.4p5,2P*,1/2,4s2.4p4.(3P<0>).6s,2[0],1/2,,,L351
Br,1,121.6006,0.00035,121.60099+,,750,,,0.000000,10.195986,4s2.4p5,2P*,3/2,4s2.4p4.(3P<2>).6s,2[2],5/2,,,L351
Br,1,122.1128,0.00035,122.11251+,,1000,,,0.456912,10.610187,4s2.4p5,2P*,1/2,4s2.4p4.(3P<1>).6s,2[1],1/2,,,L351
Br,1,122.1870,0.00035,122.18662+,,900,,,0.000000,10.147117,4s2.4p5,2P*,3/2,4s2.4p4.(3P<2>).4d,2[2],3/2,,,L351
Br,1,122.3240,0.00035,122.32402+,,1000,,,0.456912,10.592631,4s2.4p5,2P*,1/2,4s2.4p4.(3P<1>).6s,2[1],3/2,,,L351
Br,1,122.4408,0.00035,122.44056+,,1200,,,0.000000,10.126072,4s2.4p5,2P*,3/2,4s2.4p4.(3P<2>).4d,2[2],5/2,,,L351
Br,1,122.6899,0.00035,122.68983+,,1200,,,0.456912,10.562411,4s2.4p5,2P*,1/2,4s2.4p4.(3P<0>).4d,2[2],3/2,,,L351
Br,4,122.8041,,122.8023+,,600,,,0.32509,10.42133,4s2.4p2,3P,1,4s.4p3,5S,2,,,L1157
Br,1,122.8049,0.00035,122.80491+,,750,,,0.000000,10.096030,4s2.4p5,2P*,3/2,4s2.4p4.(3P<2>).4d,2[0],1/2,,,L351
Br,1,123.2431,0.00035,123.24323+,,7500,,,0.456912,10.517034,4s2.4p5,2P*,1/2,4s.4p6,2S,1/2,,,L351
Br,1,124.3897,0.00035,124.39005+,,1200,,,0.456912,10.424284,4s2.4p5,2P*,1/2,4s2.4p4.(3P<1>).4d,2[2],3/2,,,L351
Br,1,124.9589,0.00035,124.95876+,,800,,,0.000000,9.922009,4s2.4p5,2P*,3/2,4s2.4p4.(3P<2>).4d,2[1],1/2,,,L351
Br,1,125.1664,0.00035,125.16700+,,1500,,,0.456912,10.362413,4s2.4p5,2P*,1/2,4s2.4p4.(3P<1>).4d,2[1],3/2,,,L351
Br,1,125.5799,0.00035,125.57975+,,1000,,,0.000000,9.872945,4s2.4p5,2P*,3/2,4s2.4p4.(3P<2>).4d,2[1],3/2,,,L351
Br,1,125.9199,0.00035,125.91945+,,1500,,,0.456912,10.303222,4s2.4p5,2P*,1/2,4s2.4p4.(3P<1>).4d,2[1],1/2,,,L351
Br,1,126.1658,0.00035,126.16560+,,1200,,,0.000000,9.827100,4s2.4p5,2P*,3/2,4s2.4p4.(3P<2>).4d,2[3],5/2,,,L351
Br,4,126.3673,,126.3716+,,800,,,17.32088,27.13196,4s.4p3,3P,0,4s2.4p.5p,3P,1,,,L1157
Br,4,126.5949,,126.5980+,,50,,,17.65654,27.45008,4s.4p3,3P,2,4s2.4p.5p,3P,2,,,L1157
Br,1,126.6200,0.00035,126.62022+,,1200,,,0.456912,10.248728,4s2.4p5,2P*,1/2,4s2.4p4.(3P<2>).6s,2[2],3/2,,,L351
Br,4,126.6290,,126.6297+,,500,,,17.84552,27.63660,4s.4p3,1D,2,4s2.4p.5p,3S,1,,,L1157
Br,4,127.4822,,127.4831+,,900,,,0.69579,10.42133,4s2.4p2,3P,2,4s.4p3,5S,2,,,L1157
Br,1,127.9477,0.00035,127.94795+,,1000,,,0.456912,10.147117,4s2.4p5,2P*,1/2,4s2.4p4.(3P<2>).4d,2[2],3/2,,,L351
Br,4,128.3148,,128.3163+,,20,,,17.65654,27.31893,4s.4p3,3P,2,4s2.4p.5p,3D,3,,,L1157
Br,1,128.6259,0.00035,128.62608+,,1000,,,0.456912,10.096030,4s2.4p5,2P*,1/2,4s2.4p4.(3P<2>).4d,2[0],1/2,,,L351
Br,4,130.2667,,130.2721+,,150,,,17.61463,27.13196,4s.4p3,3P,1,4s2.4p.5p,3P,1,,,L1157
Br,4,130.8546,,130.8483+,,500,,,17.65654,27.13196,4s.4p3,3P,2,4s2.4p.5p,3P,1,,,L1157
Br,4,130.9903,,130.9840+,,800,,,17.32088,26.78648,4s.4p3,3P,0,4s2.4p.5p,3D,1,,,L1157
Br,1,130.9908,0.00035,130.99094+,,3000,,,0.456912,9.922009,4s2.4p5,2P*,1/2,4s2.4p4.(3P<2>).4d,2[1],1/2,,,L351
Br,3,131.35,,,,250,,,,,,,,,,,,,L7483
Br,1,131.6735,0.00035,131.67349+,,3000,,,0.456912,9.872945,4s2.4p5,2P*,1/2,4s2.4p4.(3P<2>).4d,2[1],3/2,,,L351
Br,1,131.7372,0.00035,131.73750+,,1000,2.8e+07,E,0.000000,9.411458,4s2.4p5,2P*,3/2,4s2.4p4.(1D<2>).5s,2[2],3/2,,T8844,L351
Br,1,131.7695,0.00035,131.76909+,,2000,1.0e+09,E,0.000000,9.409202,4s2.4p5,2P*,3/2,4s2.4p4.(1D<2>).5s,2[2],5/2,,T8844,L351
Br,4,134.4705,,134.475+,,300,,,17.61463,26.83447,4s.4p3,3P,1,4s2.4p.5p,3D,2,,,L1157
Br,4,135.1677,,135.179+,,200,,,17.61463,26.78648,4s.4p3,3P,1,4s2.4p.5p,3D,1,,,L1157
Br,4,135.7912,,135.800+,,120,,,17.65654,26.78648,4s.4p3,3P,2,4s2.4p.5p,3D,1,,,L1157
Br,4,137.9231,,137.930+,,20,,,17.84552,26.83447,4s.4p3,1D,2,4s2.4p.5p,3D,2,,,L1157
Br,1,138.4598,0.00035,138.4595+,,12000,5.e+08,E,0.456912,9.411458,4s2.4p5,2P*,1/2,4s2.4p4.(1D<2>).5s,2[2],3/2,,T8844,L351
Br,3,140.29,,,,250,,,,,,,,,,,,,L7483
Br,5,142.975,,,,150,,,,,,,,,,,,,L930
Br,5,144.260,,,,400,,,,,,,,,,,,,L930
Br,1,144.9903,0.00035,144.99013+,,3000,9.e+08,E,0.000000,8.551216,4s2.4p5,2P*,3/2,4s2.4p4.(3P<0>).5s,2[0],1/2,,T8844,L351
Br,5,147.035,,,,150,,,,,,,,,,,,,L930
Br,4,147.3561,,147.355+,,150,,,2.00735,10.42133,4s2.4p2,1D,2,4s.4p3,5S,2,,,L1157
Br,1,148.8452,0.00035,148.84589+,,50000,2.0e+08,D+,0.000000,8.329702,4s2.4p5,2P*,3/2,4s2.4p4.(3P<1>).5s,2[1],3/2,,T3064,L351
Br,4,150.8025,,150.792+,,120,,,19.77705,27.99923,4s2.4p.4d,3F,3,4s2.4p.5p,1D,2,,,L1157
Br,1,153.1743,0.00035,153.1746+,,30000,6.e+08,E,0.456912,8.551216,4s2.4p5,2P*,1/2,4s2.4p4.(3P<0>).5s,2[0],1/2,,T8844,L351
Br,1,154.0654,0.00035,154.06614+,,25000,2.2e+08,D+,0.000000,8.047466,4s2.4p5,2P*,3/2,4s2.4p4.(3P<2>).5s,2[2],3/2,,T3064,L351
Br,1,157.4841,0.00035,157.4844+,,30000,2.0e+07,D+,0.456912,8.329702,4s2.4p5,2P*,1/2,4s2.4p4.(3P<1>).5s,2[1],3/2,,T3064,L351
Br,1,157.6387,0.00035,157.63808+,,20000,5.7e+06,D+,0.000000,7.865117,4s2.4p5,2P*,3/2,4s2.4p4.(3P<2>).5s,2[2],5/2,,T3064,L351
Br,1,158.2312,0.00035,158.2313+,,25000,5.e+07,E,0.456912,8.292543,4s2.4p5,2P*,1/2,4s2.4p4.(3P<1>).5s,2[1],1/2,,T8844,L351
Br,4,159.3830,,159.374+,,700,,,20.21978,27.99923,4s2.4p.4d,3F,2,4s2.4p.5p,1D,2,,,L1157
Br,4,161.5890,,161.585+,,700,,,19.77705,27.45008,4s2.4p.4d,3F,3,4s2.4p.5p,3P,2,,,L1157
Br,1,163.3404,0.00035,163.3401+,,75000,2.3e+07,D+,0.456912,8.047466,4s2.4p5,2P*,1/2,4s2.4p4.(3P<2>).5s,2[2],3/2,,T3064,L351
Br,4,164.3988,,164.394+,,900,,,19.77705,27.31893,4s2.4p.4d,3F,3,4s2.4p.5p,3D,3,,,L1157
Br,4,170.3506,,170.345+,,1000,,,20.04051,27.31893,4s2.4p.4d,3F,4,4s2.4p.5p,3D,3,,,L1157
Br,4,174.6459,,174.647+,,600,,,20.21978,27.31893,4s2.4p.4d,3F,2,4s2.4p.5p,3D,3,,,L1157
Br,4,177.2420,,177.225+,,30,,,21.00336,27.99923,4s2.4p.4d,3D,2,4s2.4p.5p,1D,2,,,L1157
Br,4,180.0257,,180.026+,,800,,,20.74957,27.63660,4s2.4p.4d,3D,1,4s2.4p.5p,3S,1,,,L1157
Br,4,186.6495,,186.657+,,100,,,21.35689,27.99923,4s2.4p.4d,3D,3,4s2.4p.5p,1D,2,,,L1157
Br,4,192.3198,,192.321+,,700,,,21.00336,27.45008,4s2.4p.4d,3D,2,4s2.4p.5p,3P,2,,,L1157
Br,4,194.2712,,194.260+,,150,,,20.74957,27.13196,4s2.4p.4d,3D,1,4s2.4p.5p,3P,1,,,L1157
element,sp_num,obs_wl_air(nm),unc_obs_wl,ritz_wl_air(nm),unc_ritz_wl,intens,Aki(s^-1),Acc,Ei(eV),Ek(eV),conf_i,term_i,J_i,conf_k,term_k,J_k,Type,tp_ref,line_ref
Br,4,200.8221,,200.843+,,10,,,21.82803,27.99923,4s2.4p.4d,3P,2,4s2.4p.5p,1D,2,,,L1157
Br,4,202.2069,,202.239+,,10,,,21.00336,27.13196,4s2.4p.4d,3D,2,4s2.4p.5p,3P,1,,,L1157
Br,4,202.3885,,202.403+,,800,,,26.78648,32.91012,4s2.4p.5p,3D,1,4s2.4p.6s,1P,1,,,L1157
Br,4,202.8526,,202.847+,,600,,,26.79988,32.91012,4s2.4p.5p,3P,0,4s2.4p.6s,1P,1,,,L1157
Br,4,203.4291,,203.415+,,800,,,21.35689,27.45008,4s2.4p.4d,3D,3,4s2.4p.5p,3P,2,,,L1157
Br,4,203.6842,,203.692+,,200,,,20.74957,26.83447,4s2.4p.4d,3D,1,4s2.4p.5p,3D,2,,,L1157
Br,4,203.9836,,204.002+,,10,,,26.83447,32.91012,4s2.4p.5p,3D,2,4s2.4p.6s,1P,1,,,L1157
Br,4,204.8796,,204.857+,,800,,,20.74957,26.79988,4s2.4p.4d,3D,1,4s2.4p.5p,3P,0,,,L1157
Br,4,206.6450,,206.672+,,600,,,26.78648,32.78365,4s2.4p.5p,3D,1,4s2.4p.6s,3P,2,,,L1157
Br,4,207.8998,,207.890+,,500,,,21.35689,27.31893,4s2.4p.4d,3D,3,4s2.4p.5p,3D,3,,,L1157
Br,4,208.3232,,208.339+,,500,,,26.83447,32.78365,4s2.4p.5p,3D,2,4s2.4p.6s,3P,2,,,L1157
Br,4,209.1945,,209.192+,,1000,,,22.07431,27.99923,4s2.4p.4d,1F,3,4s2.4p.5p,1D,2,,,L1157
Br,4,212.5793,,212.558+,,300,,,21.00336,26.83447,4s2.4p.4d,3D,2,4s2.4p.5p,3D,2,,,L1157
Br,4,213.3789,,213.383+,,1000,,,21.82803,27.63660,4s2.4p.4d,3P,2,4s2.4p.5p,3S,1,,,L1157
Br,4,214.3007,,214.322+,,900,,,21.00336,26.78648,4s2.4p.4d,3D,2,4s2.4p.5p,3D,1,,,L1157
Br,4,214.5014,,214.506+,,1000,,,27.13196,32.91012,4s2.4p.5p,3P,1,4s2.4p.6s,1P,1,,,L1157
Br,4,217.8717,,217.895+,,800,,,22.31092,27.99923,4s2.4p.4d,3P,1,4s2.4p.5p,1D,2,,,L1157
Br,4,219.3170,,219.307+,,700,,,27.13196,32.78365,4s2.4p.5p,3P,1,4s2.4p.6s,3P,2,,,L1157
Br,4,220.4477,,220.463+,,900,,,21.82803,27.45008,4s2.4p.4d,3P,2,4s2.4p.5p,3P,2,,,L1157
Br,4,224.1517,,224.160+,,700,,,22.10725,27.63660,4s2.4p.4d,3P,0,4s2.4p.5p,3S,1,,,L1157
Br,4,224.3385,,224.348+,,400,,,22.47452,27.99923,4s2.4p.4d,1P,1,4s2.4p.5p,1D,2,,,L1157
Br,4,225.7212,,225.729+,,1000,,,21.82803,27.31893,4s2.4p.4d,3P,2,4s2.4p.5p,3D,3,,,L1157
Br,4,226.2982,,226.278+,,800,,,21.35689,26.83447,4s2.4p.4d,3D,3,4s2.4p.5p,3D,2,,,L1157
Br,4,226.8107,,226.811+,,500,,,27.31893,32.78365,4s2.4p.5p,3D,3,4s2.4p.6s,3P,2,,,L1157
Br,4,226.9996,,227.005+,,800,,,27.45008,32.91012,4s2.4p.5p,3P,2,4s2.4p.6s,1P,1,,,L1157
Br,4,227.2725,,227.259+,,1000,,,22.54529,27.99923,4s2.4p.5s,3P,1,4s2.4p.5p,1D,2,,,L1157
Br,2,228.517,,,,350,,,,,,,,,,,,,L7392
Br,2,228.760,,,,350,,,,,,,,,,,,,L7392
Br,3,229.344,,,,400w,,,,,,,,,,,,,L7483
Br,4,230.7398,,230.739+,,1000,,,22.62753,27.99923,4s2.4p.4d,1D,2,4s2.4p.5p,1D,2,,,L1157
Br,3,231.329,,,,300,,,,,,,,,,,,,L7483
Br,2,231.730,,,,500w,,,,,,,,,,,,,L7392
Br,4,232.3944,,232.388+,,350,,,27.45008,32.78365,4s2.4p.5p,3P,2,4s2.4p.6s,3P,2,,,L1157
Br,4,232.7203,,232.733+,,700,,,22.31092,27.63660,4s2.4p.4d,3P,1,4s2.4p.5p,3S,1,,,L1157
Br,4,232.9764,,232.971+,,800,,,22.31636,27.63660,4s2.4p.5s,3P,0,4s2.4p.5p,3S,1,,,L1157
Br,4,233.6921,,233.687+,,900,,,21.82803,27.13196,4s2.4p.4d,3P,2,4s2.4p.5p,3P,1,,,L1157
Br,2,233.693,,,,400,,,,,,,,,,,,,L7392
Br,4,235.0226,,235.035+,,750,,,27.63660,32.91012,4s2.4p.5p,3S,1,4s2.4p.6s,1P,1,,,L1157
Br,4,236.3192,,236.330+,,25,,,22.07431,27.31893,4s2.4p.4d,1F,3,4s2.4p.5p,3D,3,,,L1157
Br,2,238.645,,,,350,,,,,,,,,,,,,L7392
Br,2,238.670,,,,500,,,,,,,,,,,,,L7392
Br,2,238.869,,,,300,,,,,,,,,,,,,L7392
Br,2,238.896,,,,450,,,,,,,,,,,,,L7392
Br,2,238.969,,,,500,,,,,,,,,,,,,L7392
Br,2,239.221,,,,350,,,,,,,,,,,,,L7392
Br,2,239.242,,,,400,,,,,,,,,,,,,L7392
Br,4,240.8161,,240.811+,,1000,,,27.63660,32.78365,4s2.4p.5p,3S,1,4s2.4p.6s,3P,2,,,L1157
Br,4,241.1579,,241.181+,,1000,,,22.31092,27.45008,4s2.4p.4d,3P,1,4s2.4p.5p,3P,2,,,L1157
Br,3,246.239,,,,300,,,,,,,,,,,,,L7483
Br,3,248.260,,,,300,,,,,,,,,,,,,L7483
Br,2,248.850,,,,300,,,,,,,,,,,,,L7392
Br,2,249.522,,,,300w,,,,,,,,,,,,,L7392
Br,3,249.925,,,,350,,,,,,,,,,,,,L773
Br,2,252.170,,,,450,,,,,,,,,,,,,L7392
Br,3,252.949,,,,350,,,,,,,,,,,,,L7483
Br,2,254.148,,,,400,,,,,,,,,,,,,L7392
Br,3,255.109,,,,350w,,,,,,,,,,,,,L7483
Br,2,255.692,,,,400,,,,,,,,,,,,,L7392
Br,3,257.083,,,,350w,,,,,,,,,,,,,L7483
Br,3,257.317,,,,300w,,,,,,,,,,,,,L7483
Br,3,258.499,,,,400w,,,,,,,,,,,,,L7483
Br,3,258.914,,,,500,,,,,,,,,,,,,L7483
Br,3,259.448,,,,300w,,,,,,,,,,,,,L7483
Br,3,259.598,,,,400w,,,,,,,,,,,,,L7483
Br,3,260.620,,,,450w,,,,,,,,,,,,,L7483
Br,3,260.815,,,,350w,,,,,,,,,,,,,L7483
Br,3,261.313,,,,500w,,,,,,,,,,,,,L7483
Br,3,261.626,,,,350w,,,,,,,,,,,,,L7483
Br,3,262.652,,,,500w,,,,,,,,,,,,,L7483
Br,3,262.923,,,,350w,,,,,,,,,,,,,L7483
Br,3,263.960,,,,350w,,,,,,,,,,,,,L7483
Br,3,267.153,,,,350w,,,,,,,,,,,,,L7483
Br,2,269.017,,,,350,,,,,,,,,,,,,L7392
Br,2,271.377,,,,400,,,,,,,,,,,,,L7392
Br,3,273.583,,,,350w,,,,,,,,,,,,,L7483
Br,2,274.652,,,,350w,,,,,,,,,,,,,L7392
Br,3,277.050,,,,300,,,,,,,,,,,,,L7483
Br,3,278.528,,,,300w,,,,,,,,,,,,,L7483
Br,3,280.416,,,,300,,,,,,,,,,,,,L7483
Br,2,280.755,,,,300w,,,,,,,,,,,,,L7392
Br,2,289.340,,,,400w,,,,,,,,,,,,,L7392
Br,2,291.718,,,,400w,,,,,,,,,,,,,L7392
Br,3,292.696,,,,400,,,,,,,,,,,,,L7483
Br,3,293.622,,,,300,,,,,,,,,,,,,L7483
Br,2,296.721,,,,400w,,,,,,,,,,,,,L7392
Br,3,296.900,,,,350,,,,,,,,,,,,,L7483
Br,2,297.226,,,,500w,,,,,,,,,,,,,L7392
Br,2,298.186,,,,300,,,,,,,,,,,,,L7392
Br,2,298.587,,,,300w,,,,,,,,,,,,,L7392
Br,2,298.653,,,,300w,,,,,,,,,,,,,L7392
Br,3,299.404,,,,400,,,,,,,,,,,,,L7483
Br,2,301.648,,,,300w,,,,,,,,,,,,,L7392
Br,3,302.076,,,,500,,,,,,,,,,,,,L7483
Br,3,303.363,,,,300,,,,,,,,,,,,,L7483
Br,3,303.645,,,,350,,,,,,,,,,,,,L7483
Br,3,307.442,,,,500,,,,,,,,,,,,,L7483
Br,3,309.194,,,,350,,,,,,,,,,,,,L7483
Br,3,311.729,,,,350,,,,,,,,,,,,,L7483
Br,3,314.781,,,,300,,,,,,,,,,,,,L773
Br,3,317.408,,,,400,,,,,,,,,,,,,L773
Br,3,332.108,,,,300,,,,,,,,,,,,,L7483
Br,3,333.307,,,,450,,,,,,,,,,,,,L773
Br,3,334.964,,,,500,,,,,,,,,,,,,L773
Br,3,338.525,,,,300,,,,,,,,,,,,,L773
Br,2,342.382,,,,350,,,,,,,,,,,,,L7484
Br,3,344.736,,,,450,,,,,,,,,,,,,L773
Br,3,348.758,,,,400,,,,,,,,,,,,,L773
Br,3,350.647,,,,300,,,,,,,,,,,,,L7483
Br,3,351.736,,,,450,,,,,,,,,,,,,L773
Br,3,354.016,,,,500,,,,,,,,,,,,,L773
Br,3,355.108,,,,300,,,,,,,,,,,,,L7483
Br,3,356.243,,,,500,,,,,,,,,,,,,L773
Br,3,360.071,,,,450,,,,,,,,,,,,,L773
Br,2,360.680,,,,300w,,,,,,,,,,,,,L7392
Br,3,369.353,,,,250,,,,,,,,,,,,,L7483
Br,2,371.430,,,,350,,,,,,,,,,,,,L7484
Br,1,381.5650,0.0005,381.5654+,,1200,,,7.865117,11.113552,4s2.4p4.(3P<2>).5s,2[2],5/2,4s2.4p4.(3P<2>).7p,2[3]*,7/2,,,L351
Br,3,382.026,,,,450,,,,,,,,,,,,,L773
Br,2,383.469,,,,350,,,,,,,,,,,,,L7484
Br,2,387.121,,,,300,,,,,,,,,,,,,L7484
Br,2,389.163,,,,400,,,,,,,,,,,,,L7484
Br,2,390.124,,,,300,,,,,,,,,,,,,L7484
Br,3,390.395,,,,200,,,,,,,,,,,,,L7483
Br,2,391.420,,,,300,,,,,,,,,,,,,L7484
Br,2,391.438,,,,500,,,,,,,,,,,,,L7484
Br,2,391.951,,,,350,,,,,,,,,,,,,L7484
Br,2,392.409,,,,400,,,,,,,,,,,,,L7484
Br,2,392.955,,,,300,,,,,,,,,,,,,L7484
Br,2,393.969,,,,350,,,,,,,,,,,,,L7484
Br,2,395.061,,,,350,,,,,,,,,,,,,L7484
Br,2,398.038,,,,500,,,,,,,,,,,,,L7484
Br,1,399.2363,0.0005,399.2363+,,1500,,,8.047466,11.152122,4s2.4p4.(3P<2>).5s,2[2],3/2,4s2.4p4.(3P<0>).6p,2[1]*,3/2,,,L351
Br,2,402.404,,,,300,,,,,,,,,,,,,L7484
Br,2,413.566,,,,300,,,,,,,,,,,,,L7484
Br,2,414.020,,,,300,,,,,,,,,,,,,L7484
Br,2,417.963,,,,400,,,,,,,,,,,,,L7484
Br,2,419.345,,,,300,,,,,,,,,,,,,L7484
Br,2,422.389,,,,1000,,,,,,,,,,,,,L7484
Br,2,423.689,,,,300,,,,,,,,,,,,,L7484
Br,2,429.139,,,,300,,,,,,,,,,,,,L7392
Br,1,436.5139,0.0006,436.515+,,2000,1.5e+06,D+,8.292543,11.132068,4s2.4p4.(3P<1>).5s,2[1],1/2,4s2.4p4.(3P<2>).7p,2[1]*,3/2,,T1857n,L351
Br,2,436.560,,,,1000,,,,,,,,,,,,,L7484
Br,1,442.5140,0.0006,442.513+,,1500,9.e+05,D+,8.047466,10.848497,4s2.4p4.(3P<2>).5s,2[2],3/2,4s2.4p4.(1D<2>).5p,2[1]*,1/2,,T1857n,L351
Br,1,444.1740,0.0006,444.173+,,10000,1.5e+06,C,7.865117,10.655681,4s2.4p4.(3P<2>).5s,2[2],5/2,4s2.4p4.(3P<2>).6p,2[1]*,3/2,,"T6936n,T9382",L351
Br,1,447.2609,0.0006,447.260+,,10000,2.2e+06,D,8.047466,10.818773,4s2.4p4.(3P<2>).5s,2[2],3/2,4s2.4p4.(1D<2>).5p,2[1]*,3/2,,"T6936n,T9382",L351
Br,1,447.7720,0.0006,447.772+,,20000,2.1e+06,C,7.865117,10.633254,4s2.4p4.(3P<2>).5s,2[2],5/2,4s2.4p4.(3P<2>).6p,2[3]*,7/2,,"T6936n,T9382",L351
Br,1,449.0419,0.0006,449.041+,,1000,1.6e+06,E,8.292543,11.052857,4s2.4p4.(3P<1>).5s,2[1],1/2,4s2.4p4.(3P<1>).6p,2[1]*,1/2,,T1857n,L351
Br,3,450.655,,,,350,,,,,,,,,,,,,L773
Br,1,451.3439,0.0006,451.344+,,3000,5.7e+05,D+,7.865117,10.611349,4s2.4p4.(3P<2>).5s,2[2],5/2,4s2.4p4.(3P<2>).6p,2[2]*,3/2,,T1857n,L351
Br,3,451.974,,,,200,,,,,,,,,,,,,L7483
Br,1,452.5590,0.0006,452.559+,,15000,1.5e+06,D+,7.865117,10.603974,4s2.4p4.(3P<2>).5s,2[2],5/2,4s2.4p4.(3P<2>).6p,2[2]*,5/2,,T1857n,L351
Br,2,452.960,,,,300,,,,,,,,,,,,,L7484
Br,2,454.292,,,,500,,,,,,,,,,,,,L7484
Br,1,457.5739,0.0006,457.574+,,3000,,,8.329702,11.038541,4s2.4p4.(3P<1>).5s,2[1],3/2,4s2.4p4.(3P<1>).6p,2[1]*,3/2,,,L351
Br,2,460.136,,,,300,,,,,,,,,,,,,L7484
Br,1,461.4579,0.0006,461.457+,,2500,,,8.329702,11.015749,4s2.4p4.(3P<1>).5s,2[1],3/2,4s2.4p4.(3P<1>).6p,2[2]*,5/2,,,L351
Br,2,462.270,,,,350,,,,,,,,,,,,,L7392
Br,2,464.202,,,,300,,,,,,,,,,,,,L7484
Br,2,465.198,,,,300,,,,,,,,,,,,,L7484
Br,2,467.870,,,,500,,,,,,,,,,,,,L7484
Br,2,469.317,,,,400,,,,,,,,,,,,,L7392
Br,2,470.485,,,,500,1.1e+08,,,,,,2,,,3,,T8043,L7484
Br,2,471.976,,,,350,,,,,,,,,,,,,L7484
Br,2,472.036,,,,400,,,,,,,,,,,,,L7484
Br,2,472.820,,,,300,,,,,,,,,,,,,L7392
Br,2,473.541,,,,300,,,,,,,,,,,,,L7484
Br,2,474.264,,,,400,,,,,,,,,,,,,L7392
Br,1,475.2280,0.0007,475.228+,,2500,,,8.047466,10.655681,4s2.4p4.(3P<2>).5s,2[2],3/2,4s2.4p4.(3P<2>).6p,2[1]*,3/2,,,L351
Br,2,476.600,,,,350,,,,,,,,,,,,,L7484
Br,2,477.940,,,,400,,,,,,,,,,,,,L7484
Br,1,478.0310,0.0007,478.030+,,4000,,,8.047466,10.640390,4s2.4p4.(3P<2>).5s,2[2],3/2,4s2.4p4.(3P<2>).6p,2[3]*,5/2,,,L351
Br,1,478.5190,0.0007,478.518+,,1600,,,8.047466,10.637744,4s2.4p4.(3P<2>).5s,2[2],3/2,4s2.4p4.(3P<2>).6p,2[1]*,1/2,,,L351
Br,2,478.550,,,,500,9.4e+07,,,,,,2,,,2,,T8043,L7484
Br,2,480.233,,,,300,,,,,,,,,,,,,L7484
Br,2,481.670,,,,500,1.1e+08,,,,,,2,,,1,,T8043,L7484
Br,2,481.846,,,,300,,,,,,,,,,,,,L7392
Br,2,484.481,,,,350,,,,,,,,,,,,,L7392
Br,2,484.875,,,,350,,,,,,,,,,,,,L7484
Br,2,492.112,,,,400,,,,,,,,,,,,,L7392
Br,2,492.879,,,,400,,,,,,,,,,,,,L7484
Br,2,493.066,,,,450,,,,,,,,,,,,,L7484
Br,2,494.551,,,,300,,,,,,,,,,,,,L7392
Br,1,497.9759,0.0007,497.975+,,4000,5.3e+05,D+,8.329702,10.818773,4s2.4p4.(3P<1>).5s,2[1],3/2,4s2.4p4.(1D<2>).5p,2[1]*,3/2,,T1857n,L351
Br,2,503.874,,,,300,,,,,,,,,,,,,L7484
Br,2,505.464,,,,300,,,,,,,,,,,,,L7484
Br,2,516.438,,,,400,,,,,,,,,,,,,L7484
Br,3,517.587,,,,150,,,,,,,,,,,,,L7483
Br,2,518.001,,,,300,,,,,,,,,,,,,L7392
Br,2,518.235,,,,500,,,,,,,,,,,,,L7484
Br,2,519.390,,,,300,,,,,,,,,,,,,L7484
Br,2,523.823,,,,500,,,,,,,,,,,,,L7484
Br,1,524.5119,0.0008,524.513+,,350,,,8.292543,10.655681,4s2.4p4.(3P<1>).5s,2[1],1/2,4s2.4p4.(3P<2>).6p,2[1]*,3/2,,,L351
Br,2,527.268,,,,300,,,,,,,,,,,,,L7392
Br,2,530.410,,,,350,,,,,,,,,,,,,L7484
Br,2,533.057,,,,400,,,,,,,,,,,,,L7392
Br,2,533.205,,,,500,,,,,,,,,,,,,L7484
Br,1,534.5421,0.0008,534.541+,,600,,,8.292543,10.611349,4s2.4p4.(3P<1>).5s,2[1],1/2,4s2.4p4.(3P<2>).6p,2[2]*,3/2,,,L351
Br,1,536.4190,0.0008,536.419+,,300,2.9e+04,E,8.329702,10.640390,4s2.4p4.(3P<1>).5s,2[1],3/2,4s2.4p4.(3P<2>).6p,2[3]*,5/2,,T1857n,L351
Br,1,537.0340,0.0008,537.034+,,300,5.e+04,E,8.329702,10.637744,4s2.4p4.(3P<1>).5s,2[1],3/2,4s2.4p4.(3P<2>).6p,2[1]*,1/2,,T1857n,L351
Br,1,539.5480,0.0014,539.550+,,2100hfs,,,8.551216,10.848497,4s2.4p4.(3P<0>).5s,2[0],1/2,4s2.4p4.(1D<2>).5p,2[1]*,1/2,,,L351
Br,2,542.278,,,,400,,,,,,,,,,,,,L7484
Br,2,542.499,,,,350,,,,,,,,,,,,,L7484
Br,2,543.507,,,,300,,,,,,,,,,,,,L7392
Br,3,544.680,,,,100,,,,,,,,,,,,,L7483
Br,1,546.6219,0.0009,546.622+,,1200,,,8.551216,10.818773,4s2.4p4.(3P<0>).5s,2[0],1/2,4s2.4p4.(1D<2>).5p,2[1]*,3/2,,,L351
Br,2,547.847,,,,350,,,,,,,,,,,,,L7392
Br,2,548.879,,,,300,,,,,,,,,,,,,L7484
Br,2,549.506,,,,300,,,,,,,,,,,,,L7484
Br,2,550.669,,,,500,,,,,,,,,,,,,L7392
Br,2,558.994,,,,350,,,,,,,,,,,,,L7484
Br,2,571.871,,,,300,,,,,,,,,,,,,L7392
Br,2,583.078,,,,300,,,,,,,,,,,,,L7484
Br,1,585.2079,0.0010,585.208+,,1800,,,9.258188,11.376237,4s2.4p4.(3P<2>).5p,2[2]*,5/2,4s2.4p4.(3P<2>).7d,2[3],7/2,,,L351
Br,1,594.0481,0.0010,594.048+,,1600,,,8.551216,10.637744,4s2.4p4.(3P<0>).5s,2[0],1/2,4s2.4p4.(3P<2>).6p,2[1]*,1/2,,,L351
Br,1,612.2139,0.0011,612.214+,,2400,,,9.363473,11.388090,4s2.4p4.(3P<2>).5p,2[3]*,7/2,4s2.4p4.(3P<2>).7d,2[4],9/2,,,L351
Br,1,614.8598,0.0011,614.857+,,40000,,,7.865117,9.881031,4s2.4p4.(3P<2>).5s,2[2],5/2,4s2.4p4.(3P<0>).5p,2[1]*,3/2,,,L351
Br,2,616.174,,,,300,,,,,,,,,,,,,L7484
Br,1,617.7389,0.0011,617.739+,,2000,,,9.385238,11.391748,4s2.4p4.(3P<2>).5p,2[3]*,5/2,4s2.4p4.(3P<2>).7d,2[4],7/2,,,L351
Br,1,633.5480,0.0011,633.548+,,1500,,,9.299947,11.256389,4s2.4p4.(3P<2>).5p,2[2]*,3/2,4s2.4p4.(3P<2>).8s,2[2],5/2,,,L351
Br,1,635.0730,0.0011,635.073+,,60000,2.2e+06,C,7.865117,9.816862,4s2.4p4.(3P<2>).5s,2[2],5/2,4s2.4p4.(3P<1>).5p,2[1]*,3/2,,"T6936n,T9382",L351
Br,2,635.294,,,,400,,,,,,,,,,,,,L7484
Br,1,641.0322,0.0012,641.032+,,2500,,,9.258188,11.191787,4s2.4p4.(3P<2>).5p,2[2]*,5/2,4s2.4p4.(3P<2>).6d,2[4],7/2,,,L351
Br,1,648.3562,0.0012,648.356+,,1800,,,9.299947,11.211705,4s2.4p4.(3P<2>).5p,2[2]*,3/2,4s2.4p4.(3P<2>).6d,2[0],1/2,,,L351
Br,1,651.4620,0.0012,651.464+,,1000,,,9.299947,11.202584,4s2.4p4.(3P<2>).5p,2[2]*,3/2,4s2.4p4.(3P<2>).6d,2[2],5/2,,,L351
Br,1,654.4571,0.0012,654.456+,,20000,,,9.258188,11.152127,4s2.4p4.(3P<2>).5p,2[2]*,5/2,4s2.4p4.(3P<2>).6d,2[3],5/2,,,L351
Br,1,654.8091,0.0012,654.809+,,1500,,,9.363473,11.256389,4s2.4p4.(3P<2>).5p,2[3]*,7/2,4s2.4p4.(3P<2>).8s,2[2],5/2,,,L351
Br,1,655.9799,0.0018,655.978+,,50000c,7.0e+05,C,7.865117,9.754661,4s2.4p4.(3P<2>).5s,2[2],5/2,4s2.4p4.(3P<1>).5p,2[2]*,3/2,,"T6936n,T9382",L351
Br,1,657.1312,0.0012,657.131+,,1000,,,9.514929,11.401159,4s2.4p4.(3P<2>).5p,2[1]*,3/2,4s2.4p4.(3P<2>).7d,2[2],5/2,,,L351
Br,1,657.9139,0.0012,657.913+,,1800,,,9.258188,11.142174,4s2.4p4.(3P<2>).5p,2[2]*,5/2,4s2.4p4.(3P<2>).6d,2[1],3/2,,,L351
Br,1,658.2171,0.0012,658.216+,,20000,,,9.258188,11.141307,4s2.4p4.(3P<2>).5p,2[2]*,5/2,4s2.4p4.(3P<2>).6d,2[3],7/2,,,L351
Br,1,662.0469,0.0012,662.047+,,1500,,,9.385238,11.257461,4s2.4p4.(3P<2>).5p,2[3]*,5/2,4s2.4p4.(3P<2>).8s,2[2],3/2,,,L351
Br,1,663.1619,0.0018,663.160+,,50000c,7.0e+05,C,7.865117,9.734198,4s2.4p4.(3P<2>).5s,2[2],5/2,4s2.4p4.(3P<1>).5p,2[2]*,5/2,,"T6936n,T9382",L351
Br,1,668.2281,0.0012,668.227+,,20000,,,8.047466,9.902374,4s2.4p4.(3P<2>).5s,2[2],3/2,4s2.4p4.(3P<0>).5p,2[1]*,1/2,,,L351
Br,1,669.2130,0.0013,669.211+,,10000,,,9.299947,11.152127,4s2.4p4.(3P<2>).5p,2[2]*,3/2,4s2.4p4.(3P<2>).6d,2[3],5/2,,,L351
Br,1,672.8279,0.0013,672.827+,,8000,,,9.299947,11.142174,4s2.4p4.(3P<2>).5p,2[2]*,3/2,4s2.4p4.(3P<2>).6d,2[1],3/2,,,L351
Br,1,676.0058,0.0013,676.005+,,2000,,,8.047466,9.881031,4s2.4p4.(3P<2>).5s,2[2],3/2,4s2.4p4.(3P<0>).5p,2[1]*,3/2,,,L351
Br,1,677.9482,0.0013,677.947+,,2000,,,9.363473,11.191787,4s2.4p4.(3P<2>).5p,2[3]*,7/2,4s2.4p4.(3P<2>).6d,2[4],7/2,,,L351
Br,1,678.6740,0.0013,678.672+,,2200,,,9.385238,11.211598,4s2.4p4.(3P<2>).5p,2[3]*,5/2,4s2.4p4.(3P<1>).5d,2[3],7/2,,,L351
Br,1,679.0040,0.0013,679.004+,,6500,,,9.363473,11.188940,4s2.4p4.(3P<2>).5p,2[3]*,7/2,4s2.4p4.(3P<2>).6d,2[4],9/2,,,L351
Br,1,679.1479,0.0018,679.148+,,1600c,,,9.299947,11.125028,4s2.4p4.(3P<2>).5p,2[2]*,3/2,4s2.4p4.(3P<2>).6d,2[1],1/2,,,L351
Br,1,686.1148,0.0013,686.115+,,1800,,,9.385238,11.191787,4s2.4p4.(3P<2>).5p,2[3]*,5/2,4s2.4p4.(3P<2>).6d,2[4],7/2,,,L351
Br,1,700.5192,0.0014,700.522+,,10000,4.3e+06,C,8.047466,9.816862,4s2.4p4.(3P<2>).5s,2[2],3/2,4s2.4p4.(3P<1>).5p,2[1]*,3/2,,"T6936n,T9382",L351
Br,3,719.28,,,,100,,,,,,,,,,,,,L7483
Br,1,726.0448,0.0015,726.045+,,2000,5.6e+05,C,8.047466,9.754661,4s2.4p4.(3P<2>).5s,2[2],3/2,4s2.4p4.(3P<1>).5p,2[2]*,3/2,,"T6936n,T9382",L351
Br,1,734.8512,0.0015,734.853+,,10000,4.7e+06,C,8.047466,9.734198,4s2.4p4.(3P<2>).5s,2[2],3/2,4s2.4p4.(3P<1>).5p,2[2]*,5/2,,"T6936n,T9382",L351
Br,1,751.2959,0.0015,751.298+,,40000,,,7.865117,9.514929,4s2.4p4.(3P<2>).5s,2[2],5/2,4s2.4p4.(3P<2>).5p,2[1]*,3/2,,,L351
Br,1,759.1611,0.0016,759.161+,,1600,,,8.047466,9.680190,4s2.4p4.(3P<2>).5s,2[2],3/2,4s2.4p4.(3P<1>).5p,2[0]*,1/2,,,L351
Br,1,759.5071,0.0016,759.507+,,1800,,,9.800269,11.432251,4s2.4p4.(3P<2>).4d,2[3],7/2,4s2.4p4.(3P<2>).6f,2[4]*,9/2,,,L351
Br,1,761.6411,0.0016,761.641+,,2000,,,9.299947,10.927356,4s2.4p4.(3P<2>).5p,2[2]*,3/2,4s2.4p4.(3P<2>).7s,2[2],5/2,,,L351
Br,3,767.31,,,,100,,,,,,,,,,,,,L7483
Br,1,780.3017,0.0017,780.302+,,30000,,,8.292543,9.881031,4s2.4p4.(3P<1>).5s,2[1],1/2,4s2.4p4.(3P<0>).5p,2[1]*,3/2,,,L351
Br,1,782.7229,0.0017,782.721+,,1200,,,9.734198,11.317777,4s2.4p4.(3P<1>).5p,2[2]*,5/2,4s2.4p4.(3P<1>).7s,2[1],3/2,,,L351
Br,1,788.1513,0.0021,788.150+,,5000hfs,,,8.329702,9.902374,4s2.4p4.(3P<1>).5s,2[1],3/2,4s2.4p4.(3P<0>).5p,2[1]*,1/2,,,L351
Br,1,792.5808,0.0017,792.579+,,2500,,,9.363473,10.927356,4s2.4p4.(3P<2>).5p,2[3]*,7/2,4s2.4p4.(3P<2>).7s,2[2],5/2,,,L351
Br,35,,,792.70,0.11,,,,(12682.4267),(12683.9903),2p,2P*,1/2,2s,2S,1/2,,,
Br,1,793.8679,0.0021,793.868+,,30000c,2.2e+07,C+,9.409202,10.970546,4s2.4p4.(1D<2>).5s,2[2],5/2,4s2.4p4.(1D<2>).5p,2[2]*,5/2,,"T6936n,T9382",L351
Br,1,794.7938,0.0017,794.793+,,3000,,,9.385238,10.944766,4s2.4p4.(3P<2>).5p,2[3]*,5/2,4s2.4p4.(3P<2>).7s,2[2],3/2,,,L351
Br,1,795.0182,0.0017,795.017+,,3000,,,9.411458,10.970546,4s2.4p4.(1D<2>).5s,2[2],3/2,4s2.4p4.(1D<2>).5p,2[2]*,5/2,,,L351
Br,1,797.8511,0.0021,797.849+,,18000hfs,1.9e+07,C+,9.411458,10.965011,4s2.4p4.(1D<2>).5s,2[2],3/2,4s2.4p4.(1D<2>).5p,2[2]*,3/2,,"T6936n,T9382",L351
Br,1,798.9938,0.0017,798.993+,,30000,3.1e+06,C,8.329702,9.881031,4s2.4p4.(3P<1>).5s,2[1],3/2,4s2.4p4.(3P<0>).5p,2[1]*,3/2,,"T6936n,T9382",L351
Br,1,802.6458,0.0022,802.641+,,4500hfs,,,9.411458,10.955736,4s2.4p4.(1D<2>).5s,2[2],3/2,4s2.4p4.(3P<2>).4f,2[2]*,3/2,,,L351
Br,1,813.1522,0.0018,813.151+,,30000,5.0e+06,C,8.292543,9.816862,4s2.4p4.(3P<1>).5s,2[1],1/2,4s2.4p4.(3P<1>).5p,2[1]*,3/2,,"T6936n,T9382",L351
Br,1,815.2649,0.0022,815.264+,,1000c,,,9.299947,10.820315,4s2.4p4.(3P<2>).5p,2[2]*,3/2,4s2.4p4.(3P<2>).5d,2[1],1/2,,,L351
Br,1,815.3753,0.0018,815.373+,,10000,,,9.258188,10.778353,4s2.4p4.(3P<2>).5p,2[2]*,5/2,4s2.4p4.(3P<2>).5d,2[3],5/2,,,L351
Br,1,815.3999,0.0018,815.397+,,25000,,,7.865117,9.385238,4s2.4p4.(3P<2>).5s,2[2],5/2,4s2.4p4.(3P<2>).5p,2[3]*,5/2,,,L351
Br,1,824.6857,0.0018,824.684+,,5000,,,9.299947,10.802948,4s2.4p4.(3P<2>).5p,2[2]*,3/2,4s2.4p4.(3P<2>).5d,2[1],3/2,,,L351
Br,1,826.4958,0.0018,826.495+,,15000,,,9.258188,10.757896,4s2.4p4.(3P<2>).5p,2[2]*,5/2,4s2.4p4.(3P<2>).5d,2[3],7/2,,,L351
Br,1,827.2440,0.0022,827.241+,,75000c,3.5e+07,C+,7.865117,9.363473,4s2.4p4.(3P<2>).5s,2[2],5/2,4s2.4p4.(3P<2>).5p,2[3]*,7/2,,"T6936n,T9382",L351
Br,1,833.4697,0.0019,833.469+,,20000,1.49e+07,C+,8.329702,9.816862,4s2.4p4.(3P<1>).5s,2[1],3/2,4s2.4p4.(3P<1>).5p,2[1]*,3/2,,"T6936n,T9382",L351
Br,1,834.3698,0.0019,834.366+,,10000,3.2e+07,C+,8.292543,9.778103,4s2.4p4.(3P<1>).5s,2[1],1/2,4s2.4p4.(3P<1>).5p,2[1]*,1/2,,"T6936n,T9382",L351
Br,1,838.4038,0.0019,838.404+,,1200,,,9.299947,10.778353,4s2.4p4.(3P<2>).5p,2[2]*,3/2,4s2.4p4.(3P<2>).5d,2[3],5/2,,,L351
Br,1,844.6551,0.0019,844.656+,,40000,2.8e+07,D,8.047466,9.514929,4s2.4p4.(3P<2>).5s,2[2],3/2,4s2.4p4.(3P<2>).5p,2[1]*,3/2,,"T6936n,T9382",L351
Br,1,847.7450,0.0019,847.744+,,4000,2.3e+07,C+,8.292543,9.754661,4s2.4p4.(3P<1>).5s,2[1],1/2,4s2.4p4.(3P<1>).5p,2[2]*,3/2,,"T6936n,T9382",L351
Br,1,851.3380,0.0019,851.339+,,1500,,,9.385238,10.841181,4s2.4p4.(3P<2>).5p,2[3]*,5/2,4s2.4p4.(3P<2>).5d,2[4],7/2,,,L351
Br,1,855.7732,0.0020,855.772+,,1000,,,8.329702,9.778103,4s2.4p4.(3P<1>).5s,2[1],3/2,4s2.4p4.(3P<1>).5p,2[1]*,1/2,,,L351
Br,1,856.6282,0.0020,856.628+,,1000,1.7e+06,D,9.363473,10.810427,4s2.4p4.(3P<2>).5p,2[3]*,7/2,4s2.4p4.(3P<2>).5d,2[4],9/2,,"T6936n,T9382",L351
Br,1,863.8660,0.0020,863.867+,,20000,2.2e+07,C+,7.865117,9.299947,4s2.4p4.(3P<2>).5s,2[2],5/2,4s2.4p4.(3P<2>).5p,2[2]*,3/2,,"T6936n,T9382",L351
Br,1,869.8529,0.0020,869.851+,,4000,2.4e+07,C+,8.329702,9.754661,4s2.4p4.(3P<1>).5s,2[1],3/2,4s2.4p4.(3P<1>).5p,2[2]*,3/2,,"T6936n,T9382",L351
Br,1,879.3472,0.0024,879.346+,,10000c,,,9.409202,10.818773,4s2.4p4.(1D<2>).5s,2[2],5/2,4s2.4p4.(1D<2>).5p,2[1]*,3/2,,,L351
Br,1,880.7580,0.0024,880.756+,,1400hfs,,,9.411458,10.818773,4s2.4p4.(1D<2>).5s,2[2],3/2,4s2.4p4.(1D<2>).5p,2[1]*,3/2,,,L351
Br,1,881.9958,0.0021,881.994+,,15000,3.0e+07,C+,9.409202,10.814542,4s2.4p4.(1D<2>).5s,2[2],5/2,4s2.4p4.(1D<2>).5p,2[3]*,7/2,,"T6936n,T9382",L351
Br,1,882.5221,0.0021,882.524+,,25000,3.0e+07,C+,8.329702,9.734198,4s2.4p4.(3P<1>).5s,2[1],3/2,4s2.4p4.(3P<1>).5p,2[2]*,5/2,,"T6936n,T9382",L351
Br,1,888.8977,0.0021,888.899+,,4000,,,9.363473,10.757896,4s2.4p4.(3P<2>).5p,2[3]*,7/2,4s2.4p4.(3P<2>).5d,2[3],7/2,,,L351
Br,1,889.7617,0.0021,889.762+,,30000,3.0e+07,C+,7.865117,9.258188,4s2.4p4.(3P<2>).5s,2[2],5/2,4s2.4p4.(3P<2>).5p,2[2]*,5/2,,"T6936n,T9382",L351
Br,1,893.2397,0.0021,893.240+,,6000,3.1e+06,D,8.292543,9.680190,4s2.4p4.(3P<1>).5s,2[1],1/2,4s2.4p4.(3P<1>).5p,2[0]*,1/2,,"T6936n,T9382",L351
Br,1,894.9389,0.0021,894.937+,,1800,3.3e+06,C,9.409202,10.794217,4s2.4p4.(1D<2>).5s,2[2],5/2,4s2.4p4.(1D<2>).5p,2[3]*,5/2,,"T6936n,T9382",L351
Br,1,896.4002,0.0021,896.398+,,9000,3.1e+07,C+,9.411458,10.794217,4s2.4p4.(1D<2>).5s,2[2],3/2,4s2.4p4.(1D<2>).5p,2[3]*,5/2,,"T6936n,T9382",L351
Br,2,902.442,,,,350,,,,,,,,,,,,,L7392
Br,1,916.6060,0.0022,916.607+,,30000,3.1e+07,C+,8.047466,9.399738,4s2.4p4.(3P<2>).5s,2[2],3/2,4s2.4p4.(3P<2>).5p,2[1]*,1/2,,"T6936n,T9382",L351
Br,1,917.3629,0.0022,917.363+,,15000,2.9e+07,C+,8.551216,9.902374,4s2.4p4.(3P<0>).5s,2[0],1/2,4s2.4p4.(3P<0>).5p,2[1]*,1/2,,"T6936n,T9382",L351
Br,1,917.8161,0.0022,917.818+,,20000,2.8e+07,C+,8.329702,9.680190,4s2.4p4.(3P<1>).5s,2[1],3/2,4s2.4p4.(3P<1>).5p,2[0]*,1/2,,"T6936n,T9382",L351
Br,1,926.5418,0.0023,926.542+,,40000,2.4e+07,C+,8.047466,9.385238,4s2.4p4.(3P<2>).5s,2[2],3/2,4s2.4p4.(3P<2>).5p,2[3]*,5/2,,"T6936n,T9382",L351
Br,1,932.0861,0.0023,932.086+,,15000,2.1e+07,C+,8.551216,9.881031,4s2.4p4.(3P<0>).5s,2[0],1/2,4s2.4p4.(3P<0>).5p,2[1]*,3/2,,"T6936n,T9382",L351
Br,2,943.404,,,,300,,,,,,,,,,,,,L7392
Br,1,979.348,0.003,979.344+,,6000,6.0e+06,C+,8.551216,9.816862,4s2.4p4.(3P<0>).5s,2[0],1/2,4s2.4p4.(3P<1>).5p,2[1]*,3/2,,"T6936n,T9382",L351
Br,1,989.640,0.003,989.638+,,10000,,,8.047466,9.299947,4s2.4p4.(3P<2>).5s,2[2],3/2,4s2.4p4.(3P<2>).5p,2[2]*,3/2,,,L351
Br,1,1014.008,0.003,1014.002+,,3000,,,8.292543,9.514929,4s2.4p4.(3P<1>).5s,2[1],1/2,4s2.4p4.(3P<2>).5p,2[1]*,3/2,,,L351
Br,1,1023.774,0.003,1023.771+,,6000,,,8.047466,9.258188,4s2.4p4.(3P<2>).5s,2[2],3/2,4s2.4p4.(3P<2>).5p,2[2]*,5/2,,,L351
Br,1,1029.962,0.003,1029.962+,,1000,,,8.551216,9.754661,4s2.4p4.(3P<0>).5s,2[0],1/2,4s2.4p4.(3P<1>).5p,2[2]*,3/2,,,L351
Br,1,1037.765,0.003,1037.766+,,1500,,,9.258188,10.452582,4s2.4p4.(3P<2>).5p,2[2]*,5/2,4s2.4p4.(3P<1>).4d,2[2],5/2,,,L351
Br,1,1045.796,0.003,1045.793+,,30000,,,8.329702,9.514929,4s2.4p4.(3P<1>).5s,2[1],3/2,4s2.4p4.(3P<2>).5p,2[1]*,3/2,,,L351
Br,1,1074.214,0.003,1074.212+,,1000,,,9.800269,10.954140,4s2.4p4.(3P<2>).4d,2[3],7/2,4s2.4p4.(3P<2>).4f,2[3]*,7/2,,,L351
Br,1,1075.592,0.003,1075.592+,,3000,,,9.800269,10.952660,4s2.4p4.(3P<2>).4d,2[3],7/2,4s2.4p4.(3P<2>).4f,2[4]*,9/2,,,L351
Br,1,1321.717,,1321.717+,,1700:,,,9.258188,10.195986,4s2.4p4.(3P<2>).5p,2[2]*,5/2,4s2.4p4.(3P<2>).6s,2[2],5/2,,,L351
Br,1,1435.457,,1435.46+,,1800:,,,9.385238,10.248728,4s2.4p4.(3P<2>).5p,2[3]*,5/2,4s2.4p4.(3P<2>).6s,2[2],3/2,,,L351
Br,1,1488.870,,1488.87+,,1250:,,,9.363473,10.195986,4s2.4p4.(3P<2>).5p,2[3]*,7/2,4s2.4p4.(3P<2>).6s,2[2],5/2,,,L351
Br,1,1673.119,,1673.12+,,1800:,,,9.385238,10.126072,4s2.4p4.(3P<2>).5p,2[3]*,5/2,4s2.4p4.(3P<2>).4d,2[2],5/2,,,L351
Br,1,1856.831,,1856.83+,,1200:,,,9.385238,10.052775,4s2.4p4.(3P<2>).5p,2[3]*,5/2,4s2.4p4.(3P<2>).4d,2[4],7/2,,,L1505
Br,1,1973.362,,1973.36+,,3500:,,,9.363473,9.991590,4s2.4p4.(3P<2>).5p,2[3]*,7/2,4s2.4p4.(3P<2>).4d,2[4],9/2,,,L1505
element,sp_num,obs_wl_vac(nm),unc_obs_wl,ritz_wl_vac(nm),unc_ritz_wl,intens,Aki(s^-1),Acc,Ei(eV),Ek(eV),conf_i,term_i,J_i,conf_k,term_k,J_k,Type,tp_ref,line_ref
Br,1,2028.727,,2028.73+,,1000:,,,9.514929,10.126072,4s2.4p4.(3P<2>).5p,2[1]*,3/2,4s2.4p4.(3P<2>).4d,2[2],5/2,,,L1505
Br,1,2063.030,,2063.03+,,1000:,,,9.734198,10.335179,4s2.4p4.(3P<1>).5p,2[2]*,5/2,4s2.4p4.(3P<1>).4d,2[3],7/2,,,L1505
Br,1,2179.319,,2179.32+,,1200:,,,9.258188,9.827100,4s2.4p4.(3P<2>).5p,2[2]*,5/2,4s2.4p4.(3P<2>).4d,2[3],5/2,,,L1505
Br,1,2287.189,,2287.19+,,4000:,,,9.258188,9.800269,4s2.4p4.(3P<2>).5p,2[2]*,5/2,4s2.4p4.(3P<2>).4d,2[3],7/2,,,L1505
Br,1,2351.957,,2351.96+,,1000:,,,9.299947,9.827100,4s2.4p4.(3P<2>).5p,2[2]*,3/2,4s2.4p4.(3P<2>).4d,2[3],5/2,,,L1505
Br,1,2835.423,,2835.42+,,500:,,,10.195986,10.633254,4s2.4p4.(3P<2>).6s,2[2],5/2,4s2.4p4.(3P<2>).6p,2[3]*,7/2,,,L1505
Br,1,3038.914,,3038.91+,,500:,,,10.195986,10.603974,4s2.4p4.(3P<2>).6s,2[2],5/2,4s2.4p4.(3P<2>).6p,2[2]*,5/2,,,L1505
Br,1,3163.876,,3163.88+,,600:,,,9.734198,10.126072,4s2.4p4.(3P<1>).5p,2[2]*,5/2,4s2.4p4.(3P<2>).4d,2[2],5/2,,,L1505
Br,1,3270.282,,3270.28+,,120:,,,9.816862,10.195986,4s2.4p4.(3P<1>).5p,2[1]*,3/2,4s2.4p4.(3P<2>).6s,2[2],5/2,,,L1505
Br,1,3419.119,,3419.12+,,150:,,,10.248728,10.611349,4s2.4p4.(3P<2>).6s,2[2],3/2,4s2.4p4.(3P<2>).6p,2[2]*,3/2,,,L1505
Br,1,3835.621,,3835.62+,,150:,,,10.778353,11.101597,4s2.4p4.(3P<2>).5d,2[3],5/2,4s2.4p4.(3P<2>).7p,2[2]*,3/2,,,L1505
Br,1,3932.832,0.023,3932.83+,,70,,,10.952660,11.267915,4s2.4p4.(3P<2>).4f,2[4]*,9/2,4s2.4p4.(3P<2>).5g,2[5],11/2,,,L821
Br,1,3997.526,0.024,3997.52+,,120*,,,10.959234,11.269386,4s2.4p4.(3P<2>).4f,2[5]*,11/2,4s2.4p4.(3P<2>).5g,2[6],13/2,,,L821
Br,1,3997.526,0.024,3997.52+,,120*,,,10.959234,11.269386,4s2.4p4.(3P<2>).4f,2[5]*,11/2,4s2.4p4.(3P<2>).5g,2[6],11/2,,,L821
Br,1,3997.526,0.024,3997.52+,,120*,,,10.959234,11.269386,4s2.4p4.(3P<2>).4f,2[5]*,9/2,4s2.4p4.(3P<2>).5g,2[6],11/2,,,L821
