element,sp_num,obs_wl_air(nm),ritz_wl_air(nm),intens,Aki(s^-1),Acc,Ei(eV),Ek(eV),conf_i,term_i,J_i,conf_k,term_k,J_k,Type,tp_ref,line_ref
Nd,1,276.498,,75,,,,,,,,,,,,,L3475
Nd,1,278.579,,60,,,,,,,,,,,,,L3475
Nd,2,296.288,296.28637+,55,,,0.5594781,4.7428630,4f4.(5I).6s,4I,13/2,,*,11/2,,,L3475
Nd,2,296.358,,65,,,,,,,,,,,,,L3475
Nd,2,299.320,299.31812+,80,,,0.0636448,4.2046588,4f4.(5I).6s,6I,9/2,,*,11/2,,,L3475
Nd,2,300.797,300.79720+,95,,,1.2511692,5.3718218,4f3.(4I*).5d (5K*).6s,6K*,9/2,4f3.5d.6p,,7/2,,,L3475
Nd,2,301.419,301.41655+,95,,,0.2045993,4.3167851,4f4.(5I).6s,4I,9/2,,*,7/2,,,L3475
Nd,2,301.835,301.83319+,95,,,1.2511692,5.3576790,4f3.(4I*).5d (5K*).6s,6K*,9/2,4f3.6s.6p,6I,7/2,,,L3475
Nd,2,302.647,302.64784+,80,,,1.3747077,5.4701642,4f3.(4I*).5d2.(3F),6L*,11/2,4f3.6s.6p,6I,9/2,,,L3475
Nd,2,303.898,303.90460+,50,,,1.2511692,5.3296901,4f3.(4I*).5d (5K*).6s,6K*,9/2,4f3.5d.6p,,11/2,,,L3475
Nd,2,305.111,305.10460+,50,,,0.6803825,4.7428630,4f4.(5I).5d,6L,13/2,,*,11/2,,,L3475
Nd,2,305.215,,80,,,,,,,,,,,,,L3475
Nd,2,305.671,,140,,,,,,,,,,,,,L3475
Nd,2,306.973,,130,,,,,,,,,,,,,L3475
Nd,2,307.143,,65D*,,,,,,,,,,,,,L3475
Nd,2,307.150,,65D*,,,,,,,,,,,,,L3475
Nd,2,307.538,,160,,,,,,,,,,,,,L3475
Nd,2,307.938,307.93638+,95,,,1.5024907,5.5276142,4f3.(4I*).5d (5K*).6s,6K*,13/2,4f3.6s.6p,6K,13/2,,,L3475
Nd,2,308.094,,95,,,,,,,,,,,,,L3475
Nd,2,309.292,309.29390+,240,,,0.1822698,4.1897273,4f4.(5I).6s,6I,11/2,,*,11/2,,,L3475
Nd,2,309.848,309.84608+,140,,,0.3802292,4.3805452,4f4.(5I).6s,4I,11/2,,*,9/2,,,L3475
Nd,2,309.952,309.95171+,55,,,0.0000000,3.9989529,4f4.(5I).6s,6I,7/2,,*,9/2,,,L3475
Nd,2,310.543,310.54068+,130,,,1.3383214,5.3296901,4f3.(4I*).5d (5K*).6s,6L*,13/2,4f3.5d.6p,,11/2,,,L3475
Nd,2,310.618,310.61652+,95,,,1.6882532,5.6786474,4f3.(4I*).5d (5K*).6s,6K*,15/2,4f3.5d.6p,,15/2,,,L3475
Nd,2,310.801,310.80001+,65,,,1.3291472,5.3171857,4f3.(4I*).5d (5K*).6s,6K*,11/2,4f3.6s.6p,6K,11/2,,,L3475
Nd,2,311.518,311.51666+,260,,,1.3383214,5.3171857,4f3.(4I*).5d (5K*).6s,6L*,13/2,4f3.6s.6p,6K,11/2,,,L3475
Nd,2,311.615,311.61318+,190,,,1.2465613,5.2241932,4f3.(4I*).5d (5K*).6s,6L*,11/2,4f3.6s.6p,6K,9/2,,,L3475
Nd,2,311.975,311.97460+,50,,,1.2511692,5.2241932,4f3.(4I*).5d (5K*).6s,6K*,9/2,4f3.6s.6p,6K,9/2,,,L3475
Nd,2,312.306,,160,,,,,,,,,,,,,L3475
Nd,2,312.458,,190,,,,,,,,,,,,,L3475
Nd,2,313.360,313.35997+,290,,,1.2465613,5.2020211,4f3.(4I*).5d (5K*).6s,6L*,11/2,4f3.6s.6p,6K,9/2,,,L3475
Nd,2,313.490,313.48944+,220,,,1.7248211,5.6786474,4f3.(4I*).5d (5K*).6s,6L*,17/2,4f3.5d.6p,,15/2,,,L3475
Nd,2,313.724,313.72546+,100,,,1.2511692,5.2020211,4f3.(4I*).5d (5K*).6s,6K*,9/2,4f3.6s.6p,6K,9/2,,,L3475
Nd,2,314.146,,170,,,,,,,,,,,,,L3475
Nd,2,314.244,,170,,,,,,,,,,,,,L3475
Nd,2,314.455,314.45311+,100,,,0.8229364,4.7646464,4f4.(5I).5d,6L,15/2,,*,13/2,,,L3475
Nd,2,314.482,314.48447+,100,,,1.2465613,5.1878783,4f3.(4I*).5d (5K*).6s,6L*,11/2,4f3.6s.6p,6K,9/2,,,L3475
Nd,2,314.851,314.85258+,100,,,1.2511692,5.1878783,4f3.(4I*).5d (5K*).6s,6K*,9/2,4f3.6s.6p,6K,9/2,,,L3475
Nd,2,314.929,,100,,,,,,,,,,,,,L3475
Nd,2,314.951,314.95272+,100,,,1.2465613,5.1820188,4f3.(4I*).5d (5K*).6s,6L*,11/2,4f3.5d.6p,,9/2,,,L3475
Nd,2,316.262,316.26293+,100,,,0.0636448,3.9827991,4f4.(5I).6s,6I,9/2,,*,7/2,,,L3475
Nd,2,317.599,317.59839+,100,,,1.2465613,5.1492367,4f3.(4I*).5d (5K*).6s,6L*,11/2,4f3.5d.6p,,9/2,,,L3475
Nd,2,318.154,318.15148+,50,,,1.2465613,5.1424523,4f3.(4I*).5d (5K*).6s,6L*,11/2,4f3.5d.6p,,9/2,,,L3475
Nd,2,318.873,,50,,,,,,,,,,,,,L3475
Nd,2,320.062,320.06204+,50,,,1.7115045,5.5841404,4f3.5d.6s,6H*,5/2,4f3.6s.6p,6H,5/2,,,L3475
Nd,2,320.347,320.34866+,150,,,0.3205562,4.1897273,4f4.(5I).6s,6I,13/2,,*,11/2,,,L3475
Nd,2,321.100,321.10334+,85*,,,0.3205562,4.1806341,4f4.(5I).6s,6I,13/2,,*,11/2,,,L3475
Nd,2,321.100,321.09770+,85*,,,0.1822698,4.0424155,4f4.(5I).6s,6I,11/2,,*,9/2,,,L3475
Nd,2,321.712,321.71176+,100,,,0.5594781,4.4122560,4f4.(5I).6s,4I,13/2,,*,13/2,,,L3475
Nd,1,322.262,,50,,,,,,,,,,,,,L3475
Nd,2,322.804,322.80264+,50,,,0.2045993,4.0443577,4f4.(5I).6s,4I,9/2,,*,7/2,,,L3475
Nd,2,323.791,,40,,,,,,,,,,,,,L3475
Nd,2,325.408,325.40636+,100,,,0.1822698,3.9913056,4f4.(5I).6s,6I,11/2,,*,9/2,,,L3475
Nd,2,325.691,325.69034+,50,,,0.1822698,3.9879845,4f4.(5I).6s,6I,11/2,,*,9/2,,,L3475
Nd,2,325.924,325.92298+,220,5.2e+06,B,0.0636448,3.8666431,4f4.(5I).6s,6I,9/2,,*,7/2,,T7685,L3475
Nd,2,326.066,326.06570+,100,,,0.0000000,3.8013338,4f4.(5I).6s,6I,7/2,,*,5/2,,,L3475
Nd,2,326.512,,220,,,,,,,,,,,,,L3475
Nd,2,326.538,326.53662+,50,,,0.0636448,3.8594967,4f4.(5I).6s,6I,9/2,,*,7/2,,,L3475
Nd,2,326.725,326.72456+,170,,,0.4713792,4.2650477,4f4.(5I).6s,6I,15/2,,*,13/2,,,L3475
Nd,2,327.318,327.31732+,100,,,0.2045993,3.9913979,4f4.(5I).6s,4I,9/2,,*,7/2,,,L3475
Nd,2,327.522,327.52118+,320*,,,0.6305390,4.4149806,4f4.(5I).6s,6I,17/2,,*,15/2,,,L3475
Nd,2,327.522,327.52166+,320*,,,0.1822698,3.9667058,4f4.(5I).6s,6I,11/2,,*,9/2,,,L3475
Nd,2,328.149,328.14834+,50,,,1.5946128,5.3718218,4f3.5d.6s,6I*,7/2,4f3.5d.6p,,7/2,,,L3475
Nd,2,328.2777,328.27661+,50,,,0.0000000,3.7757331,4f4.(5I).6s,6I,7/2,,*,7/2,,,"L3260,L3475"
Nd,2,328.510,328.50846+,290,,,0.0000000,3.7730684,4f4.(5I).6s,6I,7/2,,*,5/2,,,L3475
Nd,2,328.662,328.66063+,100,,,0.3205562,4.0918778,4f4.(5I).6s,6I,13/2,,*,11/2,,,L3475
Nd,2,329.065,329.06481+,100,,,0.0636448,3.8303344,4f4.(5I).6s,6I,9/2,,*,7/2,,,L3475
Nd,2,329.384,329.38167+,70,,,1.5946128,5.3576790,4f3.5d.6s,6I*,7/2,4f3.6s.6p,6I,7/2,,,L3475
Nd,2,329.468,329.46569+,70,,,0.2045993,3.9667058,4f4.(5I).6s,4I,9/2,,*,9/2,,,L3475
Nd,2,330.016,330.01433+,300,,,0.0000000,3.7558523,4f4.(5I).6s,6I,7/2,,*,5/2,,,L3475
Nd,2,331.275,331.27475+,200,,,0.0636448,3.8052075,4f4.(5I).6s,6I,9/2,,*,11/2,,,L3475
Nd,2,332.590,332.58892+,200,,,0.0636448,3.7904238,4f4.(5I).6s,6I,9/2,,*,7/2,,,L3475
Nd,2,332.8270,332.82613+,410,1.85e+07,B+,0.0000000,3.7241229,4f4.(5I).6s,6I,7/2,,*,5/2,,T7685,"L3260,L3475"
Nd,2,333.157,333.15697+,250,,,0.4713792,4.1918041,4f4.(5I).6s,6I,15/2,,*,13/2,,,L3475
Nd,2,333.4471,333.44652+,290,7.0e+06,B+,0.1822698,3.8994641,4f4.(5I).6s,6I,11/2,,*,9/2,,T7685,"L3260,L3475"
Nd,2,333.9063,333.90520+,290,8.6e+06,B+,0.0636448,3.7757331,4f4.(5I).6s,6I,9/2,,*,7/2,,T7685,"L3260,L3475"
Nd,2,335.359,335.35949+,320,,,0.6305390,4.3265303,4f4.(5I).6s,6I,17/2,,*,15/2,,,L3475
Nd,2,335.593,335.59128+,200,,,0.3205562,4.0139947,4f4.(5I).6s,6I,13/2,,*,11/2,,,L3475
Nd,2,336.496,336.49430+,270,7.5e+06,B+,0.1822698,3.8657969,4f4.(5I).6s,6I,11/2,,*,9/2,,T7685,L3475
Nd,2,339.363,339.36388+,290,,,0.4713792,4.1237603,4f4.(5I).6s,6I,15/2,,*,13/2,,,L3475
Nd,1,348.488,,120w,,,,,,,,,,,,,L3475
Nd,2,352.753,352.75047+,200*,,,0.0000000,3.5137803,4f4.(5I).6s,6I,7/2,,*,9/2,,,L3475
Nd,2,352.753,352.75245+,200*,,,1.2511692,4.7649297,4f3.(4I*).5d (5K*).6s,6K*,9/2,4f3.5d.6p,,7/2,,,L3475
Nd,2,354.335,354.33442+,290,5.6e+06,B,0.0000000,3.4980734,4f4.(5I).6s,6I,7/2,4f4.(5I).6p,4H*,7/2,,T7685,L3475
Nd,2,355.577,355.57640+,200,4.24e+06,B+,0.3205562,3.8064116,4f4.(5I).6s,6I,13/2,,*,13/2,,T7685,L3475
Nd,2,356.075,356.07183+,410,1.05e+07,C+,0.4713792,3.9523846,4f4.(5I).6s,6I,15/2,,*,15/2,,T7685,L3475
Nd,2,356.887,356.88694+,340,1.13e+07,B+,0.6305390,4.1035943,4f4.(5I).6s,6I,17/2,,*,17/2,,T7685,L3475
Nd,2,358.751,358.74982+,470,9.6e+06,B+,0.1822698,3.6372910,4f4.(5I).6s,6I,11/2,,*,11/2,,T7685,L3475
Nd,2,359.259,359.25786+,300,6.5e+06,B+,0.0636448,3.5137803,4f4.(5I).6s,6I,9/2,,*,9/2,,T7685,L3475
Nd,2,359.802,359.80206+,340,4.9e+06,B+,0.0636448,3.5085621,4f4.(5I).6s,6I,9/2,,*,9/2,,T7685,L3475
Nd,2,360.091,360.09045+,300,5.0e+06,B+,0.3205562,3.7627146,4f4.(5I).6s,6I,13/2,,*,13/2,,T7685,L3475
Nd,2,360.979,360.97800+,320,1.02e+07,B+,0.0000000,3.4336953,4f4.(5I).6s,6I,7/2,,*,7/2,,T7685,L3475
Nd,2,361.5817,361.58120+,370,8.9e+06,B+,0.2045993,3.6325665,4f4.(5I).6s,4I,9/2,,*,9/2,,T7685,"L3260,L3475"
Nd,2,361.896,361.89675+,300,,,0.3802292,3.8052075,4f4.(5I).6s,4I,11/2,,*,11/2,,,L3475
Nd,2,363.102,363.10130+,300,,,1.5623007,4.9759173,4f3.(4I*).5d2.(3F),6M*,19/2,4f3.5d.6p,,17/2,,,L3475
Nd,2,363.430,363.43904+,340,,,0.5501873,3.9606318,4f4.(5I).5d,6L,11/2,,*,9/2,,,L3475
Nd,2,363.700,363.69806+,240*,,,1.7728866,5.1809023&dagger;,4f3.(4I*).5d2.(3F),6M*,21/2,4f3.(4I*).5d (5L*).6p,6M,21/2,,,L3475
Nd,2,363.700,363.69846+,240*,,,1.3566345,4.7646464,4f4.(5I).5d,,11/2,,*,13/2,,,L3475
Nd,2,363.723,363.72241+,240,,,1.3614135,4.7692010,4f3.(4I*).5d2.(3F),6M*,17/2,,,15/2,,,L3475
Nd,2,364.024,364.02333+,240,,,1.2465613,4.6515319,4f3.(4I*).5d (5K*).6s,6L*,11/2,4f3.5d.6p,,11/2,,,L3475
Nd,2,364.578,364.57765+,240,3.55e+06,B+,0.0636448,3.4634385,4f4.(5I).6s,6I,9/2,,*,9/2,,T7685,L3475
Nd,2,364.820,364.81766+,340,,,1.3614135,4.7589704,4f3.(4I*).5d2.(3F),6M*,17/2,4f3.5d.6p,,15/2,,,L3475
Nd,2,365.042,365.04013+,240,4.65e+06,B+,0.2045993,3.6000858,4f4.(5I).6s,4I,9/2,,*,7/2,,T7685,L3475
Nd,2,365.315,365.31771+,410,2.7e+06,C+,0.5594781,3.9523846,4f4.(5I).6s,4I,13/2,,*,15/2,,T7685,L3475
Nd,2,366.226,366.22242+,470*,,,1.7728866,5.1574116,4f3.(4I*).5d2.(3F),6M*,21/2,4f3.5d.6p,,19/2,,,L3475
Nd,2,366.226,366.22537+,470*,,,1.5220567,4.9065544,4f4.(5I).5d,4K,11/2,,*,13/2,,,L3475
Nd,2,366.518,366.51774+,540,1.08e+07,B+,0.2045993,3.5863973,4f4.(5I).6s,4I,9/2,,*,9/2,,T7685,L3475
Nd,2,367.236,367.23099+,540*,,,1.1714256,4.5466555,4f3.(4I*).5d2.(3F),6M*,15/2,4f3.5d.6p,,13/2,,,L3475
Nd,2,367.236,367.23969+,540*,,,2.2371579,5.6123078,4f3.5d.6s,4G*,9/2,4f3.6s.6p,6I,11/2,,,L3475
Nd,2,367.354,367.34846+,580,,,1.2511692,4.6253198,4f3.(4I*).5d (5K*).6s,6K*,9/2,4f3.5d.6p,6I,7/2,,,L3475
Nd,2,367.818,367.81825+,240,2.00e+06,B+,0.0000000,3.3698412,4f4.(5I).6s,6I,7/2,,*,9/2,,T7685,L3475
Nd,2,368.580,368.57648+,1200*,,,0.9930899,4.3559988,4f3.(4I*).5d2.(3F),6M*,13/2,4f3.5d.6p,6L,11/2,,,L3475
Nd,2,368.580,368.57940+,1200*,,,1.3383214,4.7012037,4f3.(4I*).5d (5K*).6s,6L*,13/2,,,15/2,,,L3475
Nd,2,368.730,368.72841+,440,,,0.1822698,3.5437931,4f4.(5I).6s,6I,11/2,,*,11/2,,,L3475
Nd,2,368.969,368.96865+,410,,,0.3802292,3.7395638,4f4.(5I).6s,4I,11/2,,*,11/2,,,L3475
Nd,2,369.481,369.47943+,300,,,1.1714256,4.5261163,4f3.(4I*).5d2.(3F),6M*,15/2,,,13/2,,,L3475
Nd,2,369.756,369.75282+,410,,,1.5623007,4.9145111,4f3.(4I*).5d2.(3F),6M*,19/2,4f3.5d.6p,,17/2,,,L3475
Nd,2,370.495,,240,,,,,,,,,,,,,L3475
Nd,2,371.370,371.36890+,470,,,0.7421173,4.0797403,4f4.(5I).6s,4I,15/2,,*,15/2,,,L3475
Nd,2,371.420,371.41877+,370,,,1.6882532,5.0254280,4f3.(4I*).5d (5K*).6s,6K*,15/2,4f3.5d.6p,,17/2,,,L3475
Nd,2,371.473,371.46327+,640D*,,,0.7445586,4.0813337,4f4.(5I).5d,6K,9/2,,*,9/2,,,L3475
Nd,2,371.4808,371.48033+,640D*,,,0.0636448,3.4002666,4f4.(5I).6s,6I,9/2,4f4.(5I).6p,6H*,9/2,,,"L3260,L3475"
Nd,2,371.504,371.50414+,250,,,1.5024907,4.8388987,4f3.(4I*).5d (5K*).6s,6K*,13/2,4f3.5d.6p,,15/2,,,L3475
Nd,2,371.539,371.53752+,200*,,,0.0000000,3.3361083,4f4.(5I).6s,6I,7/2,,*,7/2,,,L3475
Nd,2,371.539,371.53915+,200*,,,1.3383214,4.6744151,4f3.(4I*).5d (5K*).6s,6L*,13/2,4f3.5d.6p,,15/2,,,L3475
Nd,2,371.568,371.56759+,470,,,0.4713792,3.8072175,4f4.(5I).6s,6I,15/2,4f4.(5I).6p,6H*,15/2,,,L3475
Nd,2,371.854,371.84837+,410*,,,1.0906103,4.4239298,4f4.(5I).5d,6G,5/2,,*,3/2,,,L3475
Nd,2,371.854,371.85113+,410*,,,1.3498463,4.6831411,4f4.(5I).5d,4G,5/2,,*,5/2,,,L3475
Nd,2,371.854,371.85196+,410*,,,0.3802292,3.7135164,4f4.(5I).6s,4I,11/2,,*,9/2,,,L3475
Nd,2,371.854,371.85853+,410*,1.71e+06,B+,0.1822698,3.5154982,4f4.(5I).6s,6I,11/2,,*,13/2,,T7685,L3475
Nd,2,372.135,372.13386+,410,,,1.1714256,4.5021880,4f3.(4I*).5d2.(3F),6M*,15/2,4f3.5d.6p,6L,13/2,,,L3475
Nd,2,372.242,372.24395+,220,,,1.7519035,5.0816808,4f3.5d.6s,4L*,15/2,4f3.5d.6p,,15/2,,,L3475
Nd,2,372.350,372.35029+,780,,,0.3205562,3.6493825,4f4.(5I).6s,6I,13/2,4f4.(5I).6p,6H*,13/2,,,L3475
Nd,2,372.487,372.48674+,410,4.8e+06,B+,0.0636448,3.3912518,4f4.(5I).6s,6I,9/2,,*,11/2,,T7685,L3475
Nd,2,372.690,372.68948+,250,,,1.2511692,4.5769660,4f3.(4I*).5d (5K*).6s,6K*,9/2,,,9/2,,,L3475
Nd,2,372.813,372.81256+,710,1.26e+07,B+,0.1822698,3.5069687,4f4.(5I).6s,6I,11/2,4f4.(5I).6p,6H*,11/2,,T7685,L3475
Nd,2,373.058,373.05769+,470*,,,0.3802292,3.7027435,4f4.(5I).6s,4I,11/2,,*,9/2,,,L3475
Nd,2,373.058,373.05769+,470*,,,1.8595045,5.1820188,4f3.5d.6s,2I*,11/2,4f3.5d.6p,,9/2,,,L3475
Nd,2,373.278,373.27506+,270,,,1.7248211,5.0454006,4f3.(4I*).5d (5K*).6s,6L*,17/2,4f3.5d.6p,,19/2,,,L3475
Nd,2,373.554,373.55354+,1000D*,,,0.5594781,3.8775822,4f4.(5I).6s,4I,13/2,,*,11/2,,,L3475
Nd,2,373.560,373.56966+,1000D*,,,2.0538609,5.3718218,4f3.5d2,*,9/2,4f3.5d.6p,,7/2,,,L3475
Nd,2,373.710,373.70777+,440,7.8e+06,B+,0.3205562,3.6372910,4f4.(5I).6s,6I,13/2,,*,11/2,,T7685,L3475
Nd,2,373.806,373.80552+,1000,3.08e+07,B+,0.5594781,3.8753456,4f4.(5I).6s,4I,13/2,,*,13/2,,T7685,L3475
Nd,2,374.142,374.14240+,270,9.9e+06,B+,0.0636448,3.3765268,4f4.(5I).6s,6I,9/2,,*,9/2,,T7685,L3475
Nd,2,374.985,374.99077+,200*,,,0.1822698,3.4876569,4f4.(5I).6s,6I,11/2,,*,11/2,,,L3475
Nd,2,374.985,374.98459+,200*,,,1.7679378,5.0733795,4f4.(5I).5d,,13/2,,*,15/2,,,L3475
Nd,2,375.031,375.03009+,320,,,1.5201213,4.8251619,4f3.(4I*).5d (5K*).6s,6L*,15/2,4f3.5d.6p,6L,17/2,,,L3475
Nd,2,375.249,375.24956+,580,2.43e+07,B+,0.5594781,3.8625857,4f4.(5I).6s,4I,13/2,4f4.(5I).6p,4I*,13/2,,T7685,L3475
Nd,2,375.2679,375.26759+,370,8.9e+06,B+,0.0000000,3.3029490,4f4.(5I).6s,6I,7/2,4f4.(5I).6p,6H*,7/2,,T7685,"L3260,L3475"
Nd,2,375.483,375.48233+,250,,,1.2511692,4.5522292,4f3.(4I*).5d (5K*).6s,6K*,9/2,4f3.5d.6p,,9/2,,,L3475
Nd,2,375.560,375.55963+,370,4.9e+06,B+,0.1822698,3.4826504,4f4.(5I).6s,6I,11/2,,*,13/2,,T7685,L3475
Nd,2,375.782,375.78148+,510,9.1e+06,B+,0.4713792,3.7698115,4f4.(5I).6s,6I,15/2,,*,15/2,,T7685,L3475
Nd,2,375.895,375.89325+,930,3.94e+07,B+,0.7421173,4.0395688,4f4.(5I).6s,4I,15/2,,*,13/2,,T7685,L3475
Nd,2,375.979,375.97927+,300,9.3e+06,B+,0.6305390,3.9272361,4f4.(5I).6s,6I,17/2,4f4.(5I).6p,4K*,17/2,,T7685,L3475
Nd,2,376.347,376.34721+,930,2.18e+07,B+,0.2045993,3.4980734,4f4.(5I).6s,4I,9/2,4f4.(5I).6p,4H*,7/2,,T7685,L3475
Nd,2,376.659,376.65853+,300,,,1.3614135,4.6521655,4f3.(4I*).5d2.(3F),6M*,17/2,4f3.(4I*).5d (5L*).6p,6M,17/2,,,L3475
Nd,2,376.9644,376.96340+,510,8.5e+06,B+,0.2045993,3.4926900,4f4.(5I).6s,4I,9/2,,*,9/2,,T7685,"L3260,L3475"
Nd,2,377.550,377.54973+,1400,3.89e+07,B+,0.7421173,4.0251017,4f4.(5I).6s,4I,15/2,4f4.(5I).6p,4I*,15/2,,T7685,L3475
Nd,2,377.634,377.63316+,250,,,1.3383214,4.6205805,4f3.(4I*).5d (5K*).6s,6L*,13/2,4f3.5d.6p,6L,15/2,,,L3475
Nd,2,377.947,377.94619+,710,1.28e+07,B+,0.1822698,3.4618105,4f4.(5I).6s,6I,11/2,4f4.(5I).6p,4I*,9/2,,T7685,L3475
Nd,2,378.0391,378.03823+,580,1.16e+07,B+,0.4713792,3.7501215,4f4.(5I).6s,6I,15/2,4f4.(5I).6p,6I*,17/2,,T7685,"L3260,L3475"
Nd,2,378.132,378.13084+,510,,,0.7421173,4.0200566,4f4.(5I).6s,4I,15/2,,*,15/2,,,L3475
Nd,2,378.378,378.37619+,300,,,1.8815978,5.1574116,4f3.(4I*).5d (5K*).6s,6K*,17/2,4f3.5d.6p,,19/2,,,L3475
Nd,2,378.425,378.42446+,2400,5.5e+07,B+,0.3802292,3.6556251,4f4.(5I).6s,4I,11/2,4f4.(5I).6p,4I*,11/2,,T7685,L3475
Nd,2,378.473,378.47138+,270,,,1.5623007,4.8372906,4f3.(4I*).5d2.(3F),6M*,19/2,,,17/2,,,L3475
Nd,2,379.150,379.14710+,340*,,,0.3802292,3.6493825,4f4.(5I).6s,4I,11/2,4f4.(5I).6p,6H*,13/2,,,L3475
Nd,2,379.150,379.14990+,340*,,,1.5288919,4.7980211,4f3.5d.6s,*,11/2,4f3.5d.6p,,9/2,,,L3475
Nd,2,379.545,379.54540+,340,1.04e+07,B+,0.2045993,3.4703221,4f4.(5I).6s,4I,9/2,,*,9/2,,T7685,L3475
Nd,2,379.955,379.95184+,240,,,0.1822698,3.4444992,4f4.(5I).6s,6I,11/2,,*,11/2,,,L3475
Nd,2,380.112,380.11136+,370,8.8e+06,B+,0.5594781,3.8203385,4f4.(5I).6s,4I,13/2,,*,13/2,,T7685,L3475
Nd,2,380.138,380.14494+,200*,,,1.1404556,4.4010280,4f4.(5I).5d,6G,7/2,,*,5/2,,,L3475
Nd,2,380.138,380.12995+,200*,2.01e+06,B+,0.1822698,3.4429708,4f4.(5I).6s,6I,11/2,,*,11/2,,T7685,L3475
Nd,2,380.230,380.22862+,340*,,,0.0000000,3.2598548,4f4.(5I).6s,6I,7/2,,*,7/2,,,L3475
Nd,2,380.230,380.22258+,340*,2.72e+06,B+,0.4713792,3.7312859,4f4.(5I).6s,6I,15/2,4f4.(5I).6p,4K*,15/2,,T7685,L3475
Nd,2,380.347,380.34713+,1200,1.88e+07,B+,0.2045993,3.4634385,4f4.(5I).6s,4I,9/2,,*,9/2,,T7685,L3475
Nd,2,380.410,380.40950+,200,1.83e+06,C+,0.0636448,3.3219497,4f4.(5I).6s,6I,9/2,,*,7/2,,T7685,L3475
Nd,2,380.5359,380.53723+,2500*,4.05e+07,B+,0.2045993,3.4618105,4f4.(5I).6s,4I,9/2,4f4.(5I).6p,4I*,9/2,,T7685,"L3260,L3475"
Nd,2,380.5359,380.53353+,2500*,1.55e+07,B+,0.3205562,3.5777990,4f4.(5I).6s,6I,13/2,4f4.(5I).6p,6I*,15/2,,T7685,"L3260,L3475"
Nd,2,380.555,380.55468+,340,1.01e+07,B+,0.3802292,3.6372910,4f4.(5I).6s,4I,11/2,,*,11/2,,T7685,L3475
Nd,2,380.7227,380.72433+,470*,,,1.4106383,4.6662488,4f4.(5F).6s,6F,7/2,,*,5/2,,,"L3260,L3475"
Nd,2,380.7227,380.72244+,470*,,,1.2465613,4.5021880,4f3.(4I*).5d (5K*).6s,6L*,11/2,4f3.5d.6p,6L,13/2,,,"L3260,L3475"
Nd,2,380.7227,380.71737+,470*,1.19e+06,B,0.0636448,3.3193149,4f4.(5I).6s,6I,9/2,4f4.(5I).6p,6I*,11/2,,T7685,"L3260,L3475"
Nd,2,380.877,380.87670+,540,8.6e+06,B+,0.0636448,3.3179529,4f4.(5I).6s,6I,9/2,,*,11/2,,T7685,L3475
Nd,2,380.906,380.90384+,440,7.8e+06,B+,0.0636448,3.3177211,4f4.(5I).6s,6I,9/2,,*,9/2,,T7685,L3475
Nd,2,381.049,381.04765+,580,2.10e+07,B+,0.7421173,3.9949655,4f4.(5I).6s,4I,15/2,,*,15/2,,T7685,L3475
Nd,2,381.106,381.10750+,240,6.6e+06,B+,0.3802292,3.6325665,4f4.(5I).6s,4I,11/2,,*,9/2,,T7685,L3475
Nd,2,381.1774,381.17696+,270,2.53e+06,B+,0.0000000,3.2517447,4f4.(5I).6s,6I,7/2,,*,9/2,,T7685,"L3260,L3475"
Nd,2,381.253,381.25299+,200,,,1.7248211,4.9759173,4f3.(4I*).5d (5K*).6s,6L*,17/2,4f3.5d.6p,,17/2,,,L3475
Nd,2,381.473,381.47201+,710,1.44e+07,B+,0.0000000,3.2492297,4f4.(5I).6s,6I,7/2,,*,7/2,,T7685,L3475
Nd,2,381.970,381.97019+,240,6.0e+06,B+,0.3802292,3.6252212,4f4.(5I).6s,4I,11/2,,*,11/2,,T7685,L3475
Nd,2,382.247,382.24982+,410*,,,0.4713792,3.7139975,4f4.(5I).6s,6I,15/2,,*,15/2,,,L3475
Nd,2,382.247,382.24497+,410*,,,0.3802292,3.6228886,4f4.(5I).6s,4I,11/2,,*,9/2,,,L3475
Nd,2,382.6416,382.64091+,1200,2.21e+07,B+,0.0636448,3.3029490,4f4.(5I).6s,6I,9/2,4f4.(5I).6p,6H*,7/2,,T7685,"L3260,L3475"
Nd,2,382.800,382.79805+,240,8.6e+06,B+,0.0000000,3.2379744,4f4.(5I).6s,6I,7/2,,*,5/2,,T7685,L3475
Nd,2,382.885,382.88404+,540,,,0.7421173,3.9793646,4f4.(5I).6s,4I,15/2,,*,13/2,,,L3475
Nd,2,382.916,382.91476+,440,1.10e+07,B+,0.7421173,3.9791049,4f4.(5I).6s,4I,15/2,,*,15/2,,T7685,L3475
Nd,2,383.047,383.04791+,510*,,,1.9450399,5.1809023&dagger;,4f3.(4I*).5d (5K*).6s,6L*,19/2,4f3.(4I*).5d (5L*).6p,6M,21/2,,,L3475
Nd,2,383.047,383.04637+,510*,,,2.0538609,5.2897362,4f3.5d2,*,9/2,4f3.5d.6p,,7/2,,,L3475
Nd,2,383.654,383.65467+,740,1.40e+07,B+,0.5594781,3.7902230,4f4.(5I).6s,4I,13/2,,*,13/2,,T7685,L3475
Nd,2,383.791,383.79334+,340,5.1e+06,B+,0.1822698,3.4118474,4f4.(5I).6s,6I,11/2,,*,11/2,,T7685,L3475
Nd,2,383.8981,383.89806+,1700,4.33e+07,B+,0.0000000,3.2286967,4f4.(5I).6s,6I,7/2,,*,5/2,,T7685,"L3260,L3475"
Nd,2,383.951,383.94892+,340,,,1.1714256,4.3996946,4f3.(4I*).5d2.(3F),6M*,15/2,4f3.(4I*).5d (5L*).6p,6M,15/2,,,L3475
Nd,2,384.182,384.18170+,410D*,,,0.3802292,3.6065421,4f4.(5I).6s,4I,11/2,,*,13/2,,,L3475
Nd,2,384.188,384.18826+,410D*,,,1.6882532,4.9145111,4f3.(4I*).5d (5K*).6s,6K*,15/2,4f3.5d.6p,,17/2,,,L3475
Nd,2,384.8233,384.82300+,1700D*,1.79e+07,B+,0.1822698,3.4032063,4f4.(5I).6s,6I,11/2,4f4.6p,*,13/2,,T7685,"L3260,L3475"
Nd,2,384.831,384.83159+,1700D*,1.61e+07,B+,0.3205562,3.5414208,4f4.(5I).6s,6I,13/2,4f4.(5I).6p,4K*,13/2,,T7685,L3475
Nd,2,384.852,384.85129+,1500,,,0.3802292,3.6009289,4f4.(5I).6s,4I,11/2,4f4.(5I).6p,4H*,9/2,,,L3475
Nd,2,385.022,385.01671+,470,,,1.4184691,4.6377852,4f4.(5F).6s,4F,3/2,,*,5/2,,,L3475
Nd,2,385.166,385.16579+,2400D*,9.1e+06,B+,0.3205562,3.5386262,4f4.(5I).6s,6I,13/2,,*,15/2,,T7685,L3475
Nd,2,385.1748,385.17455+,2400D*,,,0.1822698,3.4002666,4f4.(5I).6s,6I,11/2,4f4.(5I).6p,6H*,9/2,,,"L3260,L3475"
Nd,2,385.855,385.85373+,340,4.23e+06,B+,0.0636448,3.2759774,4f4.(5I).6s,6I,9/2,,*,7/2,,T7685,L3475
Nd,2,386.094,386.09403+,270,8.0e+06,B+,0.5594781,3.7698115,4f4.(5I).6s,4I,13/2,,*,15/2,,T7685,L3475
Nd,2,386.252,386.25663+,300,6.5e+06,B+,0.1822698,3.3912518,4f4.(5I).6s,6I,11/2,,*,11/2,,T7685,L3475
Nd,2,386.3327,386.33164+,3700D*,1.17e+07,B+,0.0000000,3.2083589,4f4.(5I).6s,6I,7/2,4f4.(5I).6p,6I*,9/2,,T7685,"L3260,L3475"
Nd,2,386.3409,386.34082+,3700D*,7.2e+07,B+,0.0000000,3.2082827,4f4.(5I).6s,6I,7/2,4f4.(5I).6p,6H*,5/2,,T7685,"L3260,L3475"
Nd,2,386.652,386.65200+,240,,,0.0636448,3.2693455,4f4.(5I).6s,6I,9/2,,*,7/2,,,L3475
Nd,2,386.681,386.67911+,220,6.2e+06,B+,0.2045993,3.4100753,4f4.(5I).6s,4I,9/2,,*,7/2,,T7685,L3475
Nd,2,386.9045,386.90460+,850,1.16e+07,B+,0.1822698,3.3858777,4f4.(5I).6s,6I,11/2,,*,13/2,,T7685,"L3260,L3475"
Nd,2,387.574,387.57239+,240,7.5e+06,B+,0.2045993,3.4026874,4f4.(5I).6s,4I,9/2,,*,7/2,,T7685,L3475
Nd,2,387.587,387.58608+,470,1.41e+07,B+,0.3802292,3.5782043,4f4.(5I).6s,4I,11/2,,*,11/2,,T7685,L3475
Nd,2,387.858,387.85772+,1100,1.36e+07,B,0.1822698,3.3780053,4f4.(5I).6s,6I,11/2,4f4.(5I).6p,4K*,11/2,,T7685,L3475
Nd,2,387.955,387.95405+,1000,1.95e+07,B+,0.3205562,3.5154982,4f4.(5I).6s,6I,13/2,,*,13/2,,T7685,L3475
Nd,2,388.038,388.03725+,780,1.14e+07,B+,0.1822698,3.3765268,4f4.(5I).6s,6I,11/2,,*,9/2,,T7685,L3475
Nd,2,388.0779,388.07732+,1200,1.79e+07,B+,0.0636448,3.2575720,4f4.(5I).6s,6I,9/2,,*,11/2,,T7685,"L3260,L3475"
Nd,2,388.7866,388.78667+,540,7.4e+06,B+,0.0636448,3.2517447,4f4.(5I).6s,6I,9/2,,*,9/2,,T7685,"L3260,L3475"
Nd,2,388.966,388.96328+,370h,1.84e+06,B+,0.2045993,3.3912518,4f4.(5I).6s,4I,9/2,,*,11/2,,T7685,L3475
Nd,2,388.993,388.99256+,1300,2.89e+07,B+,0.3205562,3.5069687,4f4.(5I).6s,6I,13/2,4f4.(5I).6p,6H*,11/2,,T7685,L3475
Nd,2,389.058,389.05766+,1300,3.80e+07,B+,0.6305390,3.8164184,4f4.(5I).6s,6I,17/2,4f4.6p,*,17/2,,T7685,L3475
Nd,2,389.094,389.09362+,1300,3.34e+07,B+,0.0636448,3.2492297,4f4.(5I).6s,6I,9/2,,*,7/2,,T7685,L3475
Nd,2,389.151,389.15057+,580,1.78e+07,B+,0.7421173,3.9272361,4f4.(5I).6s,4I,15/2,4f4.(5I).6p,4K*,17/2,,T7685,L3475
Nd,2,389.206,389.20557+,470,,,1.4566693,4.6413379,4f4.(5S).6s,6S,5/2,,*,7/2,,,L3475
Nd,2,389.4627,389.46235+,810,1.01e+07,B+,0.0636448,3.2462138,4f4.(5I).6s,6I,9/2,,*,11/2,,T7685,"L3260,L3475"
Nd,2,389.613,389.61371+,270,4.48e+06,B+,0.3802292,3.5615618,4f4.(5I).6s,4I,11/2,,*,13/2,,T7685,L3475
Nd,2,389.763,389.76318+,440,,,0.2045993,3.3847120,4f4.(5I).6s,4I,9/2,,*,7/2,,,L3475
Nd,2,390.021,390.02189+,2000,3.95e+07,B+,0.4713792,3.6493825,4f4.(5I).6s,6I,15/2,4f4.(5I).6p,6H*,13/2,,T7685,L3475
Nd,2,390.184,390.18454+,1300,,,0.6305390,3.8072175,4f4.(5I).6s,6I,17/2,4f4.(5I).6p,6H*,15/2,,,L3475
Nd,2,390.589,390.58693+,1700,1.90e+07,B,0.2045993,3.3780053,4f4.(5I).6s,4I,9/2,4f4.(5I).6p,4K*,11/2,,T7685,L3475
Nd,2,390.770,390.76899+,200*,,,0.2045993,3.3765268,4f4.(5I).6s,4I,9/2,,*,9/2,,,L3475
Nd,2,390.770,390.76938+,200*,,,1.5024907,4.6744151,4f3.(4I*).5d (5K*).6s,6K*,13/2,4f3.5d.6p,,15/2,,,L3475
Nd,2,390.784,390.78373+,510,1.50e+07,B+,0.5594781,3.7312859,4f4.(5I).6s,4I,13/2,4f4.(5I).6p,4K*,15/2,,T7685,L3475
Nd,2,391.116,391.11650+,2000,3.47e+07,B+,0.4713792,3.6404885,4f4.(5I).6s,6I,15/2,,*,15/2,,T7685,L3475
Nd,2,391.223,391.22173+,850,,,0.9930899,4.1613467,4f3.(4I*).5d2.(3F),6M*,13/2,4f3.(4I*).5d (5L*).6p,6M,13/2,,,L3475
Nd,2,391.369,391.36807+,340,3.21e+06,B+,0.1822698,3.3493420,4f4.(5I).6s,6I,11/2,,*,9/2,,T7685,L3475
Nd,2,391.513,391.50410+,440,,,0.3802292,3.5462010,4f4.(5I).6s,4I,11/2,,*,9/2,,,L3475
Nd,2,391.595,391.59439+,610,8.3e+06,B+,0.2045993,3.3698412,4f4.(5I).6s,4I,9/2,,*,9/2,,T7685,L3475
Nd,2,391.765,391.76461+,340,,,1.3383214,4.5021880,4f3.(4I*).5d (5K*).6s,6L*,13/2,4f3.5d.6p,6L,13/2,,,L3475
Nd,2,391.992,391.99096+,220*,,,2.5166077,5.6786474,4f3.5d.6s,6K*,15/2,4f3.5d.6p,,15/2,,,L3475
Nd,2,391.992,391.99159+,220*,,,0.7421173,3.9041519,4f4.(5I).6s,4I,15/2,,*,15/2,,,L3475
Nd,2,391.992,391.98420+,220*,1.95e+06,B+,0.3205562,3.4826504,4f4.(5I).6s,6I,13/2,,*,13/2,,T7685,L3475
Nd,2,392.096,392.09612+,1100,3.18e+07,B+,0.3802292,3.5414208,4f4.(5I).6s,4I,11/2,4f4.(5I).6p,4K*,13/2,,T7685,L3475
Nd,2,392.710,392.70977+,510,1.12e+07,B+,0.1822698,3.3385219,4f4.(5I).6s,6I,11/2,,*,9/2,,T7685,L3475
Nd,2,392.926,392.92548+,200,,,0.5594781,3.7139975,4f4.(5I).6s,4I,13/2,,*,15/2,,,L3475
Nd,2,393.482,393.48146+,610,1.37e+07,B+,0.3205562,3.4706184,4f4.(5I).6s,6I,13/2,,*,11/2,,T7685,L3475
Nd,2,393.611,393.61194+,410,,,1.4986162,4.6476342,4f4.(5F).6s,6F,9/2,,*,11/2,,,L3475
Nd,2,393.886,393.88626+,510,,,1.6178215,4.7646464,4f4.(5F).6s,6F,11/2,,*,13/2,,,L3475
Nd,2,394.1512,394.15065+,2000,4.13e+07,B+,0.0636448,3.2083589,4f4.(5I).6s,6I,9/2,4f4.(5I).6p,6I*,9/2,,T7685,"L3260,L3475"
Nd,2,395.1154,395.11424+,2000,3.93e+07,B+,0.1822698,3.3193149,4f4.(5I).6s,6I,11/2,4f4.(5I).6p,6I*,11/2,,T7685,"L3260,L3475"
Nd,2,395.2195,395.21968+,810*,,,1.2942989,4.4305071,4f4.(5F).6s,6F,3/2,,*,3/2,,,"L3260,L3475"
Nd,2,395.2195,395.21882+,810*,2.15e+07,B+,0.0000000,3.1362150,4f4.(5I).6s,6I,7/2,,*,7/2,,T7685,"L3260,L3475"
Nd,2,395.287,395.28586+,320,7.6e+06,B+,0.1822698,3.3179529,4f4.(5I).6s,6I,11/2,,*,11/2,,T7685,L3475
Nd,2,395.352,395.35146+,320,1.25e+07,B+,0.4713792,3.6065421,4f4.(5I).6s,6I,15/2,,*,13/2,,T7685,L3475
Nd,2,395.745,395.74513+,240,,,1.5201213,4.6521655,4f3.(4I*).5d (5K*).6s,6L*,15/2,4f3.(4I*).5d (5L*).6p,6M,17/2,,,L3475
Nd,2,395.8001,395.79927+,590,9.0e+06,B+,0.0636448,3.1952606,4f4.(5I).6s,6I,9/2,,*,9/2,,T7685,"L3260,L3475"
Nd,2,396.221,396.22047+,510,7.1e+06,B+,0.3205562,3.4488430,4f4.(5I).6s,6I,13/2,,*,15/2,,T7685,L3475
Nd,2,396.3114,396.31047+,1400,3.98e+07,B+,0.4713792,3.5989557,4f4.(5I).6s,6I,15/2,,*,17/2,,T7685,"L3260,L3475"
Nd,2,396.390,396.39053+,270,1.14e+07,B+,0.6305390,3.7574837,4f4.(5I).6s,6I,17/2,,*,15/2,,T7685,L3475
Nd,2,397.3269,397.32603+,1100,5.4e+07,B+,0.6305390,3.7501215,4f4.(5I).6s,6I,17/2,4f4.(5I).6p,6I*,17/2,,T7685,"L3260,L3475"
Nd,2,397.3650,397.36393+,740,2.24e+07,B+,0.3205562,3.4398412,4f4.(5I).6s,6I,13/2,4f4.(5I).6p,6I*,13/2,,T7685,"L3260,L3475"
Nd,2,397.6836,397.68293+,740,2.10e+07,B+,0.0000000,3.1167830,4f4.(5I).6s,6I,7/2,,*,7/2,,T7685,"L3260,L3475"
Nd,2,397.9479,397.94690+,740,1.65e+07,B+,0.2045993,3.3193149,4f4.(5I).6s,4I,9/2,4f4.(5I).6p,6I*,11/2,,T7685,"L3260,L3475"
Nd,2,398.2355,398.23518+,320,9.4e+06,B+,0.3802292,3.4926900,4f4.(5I).6s,4I,11/2,,*,9/2,,T7685,"L3260,L3475"
Nd,2,398.625,398.62240+,470,,,1.2465613,4.3559988,4f3.(4I*).5d (5K*).6s,6L*,11/2,4f3.5d.6p,6L,11/2,,,L3475
Nd,2,399.0103,399.00965+,1400,3.57e+07,B+,0.4713792,3.5777990,4f4.(5I).6s,6I,15/2,4f4.(5I).6p,6I*,15/2,,T7685,"L3260,L3475"
Nd,2,399.1743,399.17407+,1000,2.89e+07,B+,0.0000000,3.1051402,4f4.(5I).6s,6I,7/2,4f4.(5I).6p,6I*,7/2,,T7685,"L3260,L3475"
Nd,2,399.468,399.46724+,1100,2.86e+07,B+,0.3205562,3.4234176,4f4.(5I).6s,6I,13/2,,*,15/2,,T7685,L3475
Nd,2,400.0493,400.04896+,410,7.5e+06,B+,0.2045993,3.3029490,4f4.(5I).6s,4I,9/2,4f4.(5I).6p,6H*,7/2,,T7685,"L3260,L3475"
Nd,2,400.402,400.40050+,540,9.3e+06,B,0.0636448,3.1592742,4f4.(5I).6s,6I,9/2,,*,11/2,,T7685,L3475
Nd,2,400.743,400.74302+,410,9.1e+06,B+,0.4713792,3.5643628,4f4.(5I).6s,6I,15/2,,*,17/2,,T7685,L3475
Nd,2,401.2250,401.22432+,3700,1.34e+08,B+,0.6305390,3.7198124,4f4.(5I).6s,6I,17/2,4f4.(5I).6p,6K*,19/2,,T7685,"L3260,L3475"
Nd,2,401.270,401.26974+,540,1.31e+07,B+,0.0000000,3.0889237,4f4.(5I).6s,6I,7/2,,*,7/2,,T7685,L3475
Nd,2,401.8826,401.88232+,370,5.9e+06,B+,0.0636448,3.1478602,4f4.(5I).6s,6I,9/2,,*,9/2,,T7685,"L3260,L3475"
Nd,2,402.0872,402.08639+,1000,1.89e+07,B+,0.3205562,3.4032063,4f4.(5I).6s,6I,13/2,4f4.6p,*,13/2,,T7685,"L3260,L3475"
Nd,2,402.1330,402.13273+,1000,2.07e+07,B+,0.3205562,3.4028511,4f4.(5I).6s,6I,13/2,,*,15/2,,T7685,"L3260,L3475"
Nd,2,402.178,402.17277+,1000,1.44e+07,B+,0.1822698,3.2642578,4f4.(5I).6s,6I,11/2,4f3.5d.6s,*,13/2,,T7685,L3475
Nd,2,402.300,402.30038+,1200,2.82e+07,B+,0.5594781,3.6404885,4f4.(5I).6s,4I,13/2,,*,15/2,,T7685,L3475
Nd,2,402.4785,402.47839+,340,4.8e+06,B+,0.0636448,3.1432927,4f4.(5I).6s,6I,9/2,,*,11/2,,T7685,"L3260,L3475"
Nd,2,403.0470,403.04713+,410,6.9e+06,B+,0.1822698,3.2575720,4f4.(5I).6s,6I,11/2,,*,11/2,,T7685,"L3260,L3475"
Nd,2,403.182,403.17839+,1200,4.20e+07,B+,0.7421173,3.8164184,4f4.(5I).6s,4I,15/2,4f4.6p,*,17/2,,T7685,L3475
Nd,2,403.8124,403.81231+,270,3.65e+06,B+,0.1822698,3.2517447,4f4.(5I).6s,6I,11/2,,*,9/2,,T7685,"L3260,L3475"
Nd,2,404.0796,404.07918+,3000,3.82e+07,B+,0.1822698,3.2497176,4f4.(5I).6s,6I,11/2,,*,13/2,,T7685,"L3260,L3475"
Nd,2,404.106,404.10564+,200,7.6e+06,B+,0.4713792,3.5386262,4f4.(5I).6s,6I,15/2,,*,15/2,,T7685,L3475
Nd,2,404.3596,404.35949+,410,5.7e+06,B+,0.3205562,3.3858777,4f4.(5I).6s,6I,13/2,,*,13/2,,T7685,"L3260,L3475"
Nd,2,404.881,404.88100+,410,,,1.3383214,4.3996946,4f3.(4I*).5d (5K*).6s,6L*,13/2,4f3.(4I*).5d (5L*).6p,6M,15/2,,,L3475
Nd,2,405.1145,405.11407+,850,1.45e+07,B+,0.3802292,3.4398412,4f4.(5I).6s,4I,11/2,4f4.(5I).6p,6I*,13/2,,T7685,"L3260,L3475"
Nd,2,405.9961,405.99509+,850,1.03e+07,B+,0.2045993,3.2575720,4f4.(5I).6s,4I,9/2,,*,11/2,,T7685,"L3260,L3475"
Nd,2,406.1085,406.10799+,4700,8.0e+07,B+,0.4713792,3.5235032,4f4.(5I).6s,6I,15/2,4f4.(5I).6p,6K*,17/2,,T7685,"L3260,L3475"
Nd,2,406.9267,406.92650+,1100,8.9e+06,C+,0.0636448,3.1096297,4f4.(5I).6s,6I,9/2,,*,11/2,,T7685,"L3260,L3475"
Nd,2,407.5116,407.51122+,710,1.10e+07,B+,0.2045993,3.2462138,4f4.(5I).6s,4I,9/2,,*,11/2,,T7685,"L3260,L3475"
Nd,2,407.5272,407.52717+,470,8.8e+06,B+,0.0636448,3.1051402,4f4.(5I).6s,6I,9/2,4f4.(5I).6p,6I*,7/2,,T7685,"L3260,L3475"
Nd,2,407.762,407.76121+,240,,,1.2511692,4.2909189,4f3.(4I*).5d (5K*).6s,6K*,9/2,4f3.5d.6p,6K,9/2,,,L3475
Nd,2,408.0227,408.02175+,470,3.6e+06,C+,0.0636448,3.1014536,4f4.(5I).6s,6I,9/2,,*,11/2,,T7685,"L3260,L3475"
Nd,2,408.5815,408.58132+,240,3.42e+06,B+,0.0000000,3.0336485,4f4.(5I).6s,6I,7/2,,*,7/2,,T7685,"L3260,L3475"
Nd,2,409.613,409.61240+,270,6.0e+06,B+,0.3205562,3.3465685,4f4.(5I).6s,6I,13/2,4f3.5d.6s,*,11/2,,T7685,L3475
Nd,2,409.818,409.81742+,220,6.6e+06,B+,0.4713792,3.4958777,4f4.(5I).6s,6I,15/2,,*,13/2,,T7685,L3475
Nd,2,410.6582,410.65620+,200,2.20e+06,B+,0.5594781,3.5777990,4f4.(5I).6s,4I,13/2,4f4.(5I).6p,6I*,15/2,,T7685,"L3260,L3475"
Nd,2,410.9073,410.90711+,1400,2.26e+07,B+,0.0636448,3.0801227,4f4.(5I).6s,6I,9/2,,*,11/2,,T7685,"L3260,L3475"
Nd,2,410.9455,410.94478+,2500,5.5e+07,B+,0.3205562,3.3367576,4f4.(5I).6s,6I,13/2,4f4.(5I).6p,6K*,15/2,,T7685,"L3260,L3475"
Nd,2,411.0472,411.04718+,510,7.7e+06,B+,0.0000000,3.0154501,4f4.(5I).6s,6I,7/2,,*,9/2,,T7685,"L3260,L3475"
Nd,2,411.3826,411.38268+,300h,6.0e+06,B+,0.1822698,3.1952606,4f4.(5I).6s,6I,11/2,,*,9/2,,T7685,"L3260,L3475"
Nd,2,412.3881,412.38765+,410,8.6e+06,B+,0.3802292,3.3858777,4f4.(5I).6s,4I,11/2,,*,13/2,,T7685,"L3260,L3475"
Nd,2,413.3361,413.33515+,470,1.04e+07,B+,0.3205562,3.3193149,4f4.(5I).6s,6I,13/2,4f4.(5I).6p,6I*,11/2,,T7685,"L3260,L3475"
Nd,2,413.533,413.53212+,510,2.08e+07,B+,0.6305390,3.6278694,4f4.(5I).6s,6I,17/2,4f3.5d.6s,*,15/2,,T7685,L3475
Nd,2,415.6083,415.60778+,3000,4.02e+07,B+,0.1822698,3.1646310,4f4.(5I).6s,6I,11/2,4f4.(5I).6p,6K*,13/2,,T7685,"L3260,L3475"
Nd,2,415.6265,415.62549+,510,3.35e+06,B+,0.0000000,2.9822341,4f4.(5I).6s,6I,7/2,,*,9/2,,T7685,"L3260,L3475"
Nd,2,416.057,416.05603+,340,7.6e+06,B+,0.5594781,3.5386262,4f4.(5I).6s,4I,13/2,,*,15/2,,T7685,L3475
Nd,2,416.800,416.79897+,410*,,,1.4566693,4.4305071,4f4.(5S).6s,6S,5/2,,*,3/2,,,L3475
Nd,2,416.800,416.79993+,410*,,,1.5283569,4.5021880,4f3.(4I*).5d2.(3F),6L*,13/2,4f3.5d.6p,6L,13/2,,,L3475
Nd,2,417.5606,417.56019+,810,1.22e+07,B+,0.6305390,3.5989557,4f4.(5I).6s,6I,17/2,,*,17/2,,T7685,"L3260,L3475"
Nd,2,417.7321,417.73196+,2400,2.52e+07,B+,0.0636448,3.0308408,4f4.(5I).6s,6I,9/2,4f4.(5I).6p,6K*,11/2,,T7685,"L3260,L3475"
Nd,2,417.864,417.86353+,200,2.54e+06,B+,0.1822698,3.1485316,4f4.(5I).6s,6I,11/2,,*,13/2,,T7685,L3475
Nd,2,417.9585,417.95813+,640,8.7e+06,B+,0.1822698,3.1478602,4f4.(5I).6s,6I,11/2,,*,9/2,,T7685,"L3260,L3475"
Nd,2,418.498,418.49703+,250,,,1.3291472,4.2909189,4f3.(4I*).5d (5K*).6s,6K*,11/2,4f3.5d.6p,6K,9/2,,,L3475
Nd,2,420.5595,420.5577+,470,6.6e+06,B+,0.6305390,3.5777990,4f4.(5I).6s,6I,17/2,4f4.(5I).6p,6I*,15/2,,T7685,"L3260,L3475"
Nd,2,421.1286,421.1291+,470,5.2e+06,B+,0.2045993,3.1478602,4f4.(5I).6s,4I,9/2,,*,9/2,,T7685,"L3260,L3475"
Nd,2,422.0258,422.0246+,290,5.0e+06,B+,0.3205562,3.2575720,4f4.(5I).6s,6I,13/2,,*,11/2,,T7685,"L3260,L3475"
Nd,2,422.7719,422.7715+,440,8.4e+06,B+,0.4713792,3.4032063,4f4.(5I).6s,6I,15/2,4f4.6p,*,13/2,,T7685,"L3260,L3475"
Nd,2,423.2378,423.2374+,1300,1.05e+07,B,0.0636448,2.9922446,4f4.(5I).6s,6I,9/2,,*,11/2,,T7685,"L3260,L3475"
Nd,2,423.4196,423.4189+,250*,,,1.7248211,4.6521655,4f3.(4I*).5d (5K*).6s,6L*,17/2,4f3.(4I*).5d (5L*).6p,6M,17/2,,,"L3260,L3475"
Nd,2,423.4196,423.4167+,250*,,,0.1822698,3.1096297,4f4.(5I).6s,6I,11/2,,*,11/2,,,"L3260,L3475"
Nd,2,423.524,423.5225+,290h,,,1.2511692,4.1777976,4f3.(4I*).5d (5K*).6s,6K*,9/2,4f4.5d,,11/2,,,L3475
Nd,2,423.984,423.9821+,290,,,1.2511692,4.1746248,4f3.(4I*).5d (5K*).6s,6K*,9/2,4f3.5d.6p,,11/2,,,L3475
Nd,2,424.7367,424.73654+,2000,2.27e+07,B+,0.0000000,2.9182632,4f4.(5I).6s,6I,7/2,,*,9/2,,T7685,"L3260,L3475"
Nd,2,425.244,425.2433+,850,,,1.2465613,4.1613467,4f3.(4I*).5d (5K*).6s,6L*,11/2,4f3.(4I*).5d (5L*).6p,6M,13/2,,,L3475
Nd,2,426.184,426.1835+,410*,,,1.4913390,4.3996946,4f3.(4I*).5d (5K*).6s,6L*,13/2,4f3.(4I*).5d (5L*).6p,6M,15/2,,,L3475
Nd,2,426.184,426.1844+,410*,,,0.8229364,3.7312859,4f4.(5I).5d,6L,15/2,4f4.(5I).6p,4K*,15/2,,,L3475
Nd,2,426.6716,426.6713+,340,3.3e+06,B,0.2045993,3.1096297,4f4.(5I).6s,4I,9/2,,*,11/2,,T7685,"L3260,L3475"
Nd,2,427.0565,427.05654+,240,1.98e+06,B+,0.0000000,2.9024100,4f4.(5I).6s,6I,7/2,,*,9/2,,T7685,"L3260,L3475"
Nd,2,427.2789,427.27831+,340,3.31e+06,B+,0.0000000,2.9009035,4f4.(5I).6s,6I,7/2,,*,7/2,,T7685,"L3260,L3475"
Nd,2,427.509,427.5077+,340,,,1.5024907,4.4018377,4f3.(4I*).5d (5K*).6s,6K*,13/2,4f3.5d.6p,,13/2,,,L3475
Nd,2,428.244,428.2435+,470,9.0e+06,B+,0.4713792,3.3657445,4f4.(5I).6s,6I,15/2,,*,13/2,,T7685,L3475
Nd,2,428.2570,428.2565+,240,1.86e+06,B,0.0636448,2.9579226,4f4.(5I).6s,6I,9/2,,*,11/2,,T7685,"L3260,L3475"
Nd,2,428.4518,428.4509+,710,1.37e+07,B,0.6305390,3.5235032,4f4.(5I).6s,6I,17/2,4f4.(5I).6p,6K*,17/2,,T7685,"L3260,L3475"
Nd,2,429.780,429.7784+,270,3.86e+06,B+,0.3802292,3.2642578,4f4.(5I).6s,4I,11/2,4f3.5d.6s,*,13/2,,T7685,L3475
Nd,2,430.3573,430.35715+,5400,4.37e+07,B+,0.0000000,2.8801504,4f4.(5I).6s,6I,7/2,4f4.(5I).6p,6K*,9/2,,T7685,"L3260,L3475"
Nd,2,430.445,430.4434+,340,,,1.5201213,4.3996946,4f3.(4I*).5d (5K*).6s,6L*,15/2,4f3.(4I*).5d (5L*).6p,6M,15/2,,,L3475
Nd,2,430.7778,430.7771+,200,3.6e+06,B,0.3802292,3.2575720,4f4.(5I).6s,4I,11/2,,*,11/2,,T7685,"L3260,L3475"
Nd,2,431.4511,431.45056+,470,,,0.0000000,2.8728515,4f4.(5I).6s,6I,7/2,4f3.5d.6s,*,9/2,,,"L3260,L3475"
Nd,2,432.5766,432.5758+,1100,2.12e+07,B,0.4713792,3.3367576,4f4.(5I).6s,6I,15/2,4f4.(5I).6p,6K*,15/2,,T7685,"L3260,L3475"
Nd,2,432.793,432.7932+,510,8.9e+06,B+,0.5594781,3.4234176,4f4.(5I).6s,4I,13/2,,*,15/2,,T7685,L3475
Nd,2,433.8697,433.8690+,540,1.60e+07,B+,0.7421173,3.5989557,4f4.(5I).6s,4I,15/2,,*,17/2,,T7685,"L3260,L3475"
Nd,2,435.1295,435.1282+,680,7.2e+06,B+,0.1822698,3.0308408,4f4.(5I).6s,6I,11/2,4f4.(5I).6p,6K*,11/2,,T7685,"L3260,L3475"
Nd,2,435.8169,435.8161+,850,1.72e+07,B+,0.3205562,3.1646310,4f4.(5I).6s,6I,13/2,4f4.(5I).6p,6K*,13/2,,T7685,"L3260,L3475"
Nd,2,436.6315,436.6313+,240*,1.57e+06,B+,0.0636448,2.9024100,4f4.(5I).6s,6I,9/2,,*,9/2,,T7685,"L3260,L3475"
Nd,2,436.638,436.6388+,240*,,,1.4986162,4.3373321,4f4.(5F).6s,6F,9/2,,*,7/2,,,L3475
Nd,2,436.638,436.6385+,240*,,,0.3205562,3.1592742,4f4.(5I).6s,6I,13/2,,*,11/2,,,L3475
Nd,2,436.638,436.6382+,240*,,,1.1602330,3.9989529,4f4.(5I).5d,6I,11/2,,*,9/2,,,L3475
Nd,2,436.8632,436.8631+,340,6.8e+06,B+,0.0636448,2.9009035,4f4.(5I).6s,6I,9/2,,*,7/2,,T7685,"L3260,L3475"
Nd,2,437.4923,437.4920+,470D*,2.93e+06,B+,0.1822698,3.0154501,4f4.(5I).6s,6I,11/2,,*,9/2,,T7685,"L3260,L3475"
Nd,2,437.5039,437.50339+,470D*,3.84e+06,B+,0.0000000,2.8331065,4f4.(5I).6s,6I,7/2,,*,7/2,,T7685,"L3260,L3475"
Nd,2,438.2737,438.2733+,150,3.2e+06,B,0.3802292,3.2083589,4f4.(5I).6s,4I,11/2,4f4.(5I).6p,6I*,9/2,,T7685,"L3260,L3475"
Nd,2,438.5663,438.5661+,710,1.46e+07,B+,0.2045993,3.0308408,4f4.(5I).6s,4I,9/2,4f4.(5I).6p,6K*,11/2,,T7685,"L3260,L3475"
Nd,2,439.066,439.0608+,250*,,,2.0672288,4.8902858,4f3.5d2,6G*,5/2,4f3.5d.6p,,7/2,,,L3475
Nd,2,439.066,439.0658+,250*,,,1.3383214,4.1613467,4f3.(4I*).5d (5K*).6s,6L*,13/2,4f3.(4I*).5d (5L*).6p,6M,13/2,,,L3475
Nd,2,440.0828,440.0821+,540,8.6e+06,B+,0.0636448,2.8801504,4f4.(5I).6s,6I,9/2,4f4.(5I).6p,6K*,9/2,,T7685,"L3260,L3475"
Nd,2,441.1052,441.1050+,510,7.2e+06,B,0.1822698,2.9922446,4f4.(5I).6s,6I,11/2,,*,11/2,,T7685,"L3260,L3475"
Nd,2,444.6387,444.6384+,580,1.25e+07,B,0.2045993,2.9922446,4f4.(5I).6s,4I,9/2,,*,11/2,,T7685,"L3260,L3475"
Nd,2,445.1566,445.1563+,1400,2.80e+07,B+,0.3802292,3.1646310,4f4.(5I).6s,4I,11/2,4f4.(5I).6p,6K*,13/2,,T7685,"L3260,L3475"
Nd,2,445.1978,445.19795+,200,2.70e+06,B,0.0000000,2.7841414,4f4.(5I).6s,6I,7/2,,*,9/2,,T7685,"L3260,L3475"
Nd,2,445.6394,445.6390+,300,1.04e+07,B,0.7421173,3.5235032,4f4.(5I).6s,4I,15/2,4f4.(5I).6p,6K*,17/2,,T7685,"L3260,L3475"
Nd,2,446.2985,446.2979+,740,2.29e+07,B+,0.5594781,3.3367576,4f4.(5I).6s,4I,13/2,4f4.(5I).6p,6K*,15/2,,T7685,"L3260,L3475"
Nd,2,450.1808,450.1812+,410,5.7e+06,B+,0.2045993,2.9579226,4f4.(5I).6s,4I,9/2,,*,11/2,,T7685,"L3260,L3475"
Nd,2,450.6582,450.6583+,200,2.48e+06,B+,0.0636448,2.8140532,4f4.(5I).6s,6I,9/2,4f3.5d2,4I*,11/2,,T7685,"L3260,L3475"
Nd,2,451.334,451.3329+,170,1.53e+06,C+,0.0636448,2.8099419,4f4.(5I).6s,6I,9/2,,*,9/2,,T7685,L3475
Nd,2,451.636,451.6346+,250,3.92e+06,B+,0.3205562,3.0650189,4f4.(5I).6s,6I,13/2,,4I*,13/2,,T7685,L3475
Nd,1,452.725,,120,,,,,,,,,,,,,L3475
Nd,2,454.1269,454.1270+,340,4.9e+06,C+,0.3802292,3.1096297,4f4.(5I).6s,4I,11/2,,*,11/2,,T7685,"L3260,L3475"
Nd,2,454.261,454.2600+,340,9.5e+06,B+,0.7421173,3.4707188,4f4.(5I).6s,4I,15/2,,*,17/2,,T7685,L3475
Nd,2,455.6136,455.6133+,100,1.17e+06,B,0.0636448,2.7841414,4f4.(5I).6s,6I,9/2,,*,9/2,,T7685,"L3260,L3475"
Nd,1,455.967,,170,,,,,,,,,,,,,L3475
Nd,2,456.322,456.3220+,340,3.53e+06,B+,0.1822698,2.8985416,4f4.(5I).6s,6I,11/2,,*,11/2,,T7685,L3475
Nd,2,457.889,457.8886+,200,,,0.3205562,3.0275348,4f4.(5I).6s,6I,13/2,,*,13/2,,,L3475
Nd,2,457.932,457.9314+,200,6.5e+06,B+,0.7421173,3.4488430,4f4.(5I).6s,4I,15/2,,*,15/2,,T7685,L3475
Nd,1,458.662,,100,,,,,,,,,,,,,L3475
Nd,2,459.7013,459.7014+,200,2.82e+06,B+,0.2045993,2.9009035,4f4.(5I).6s,4I,9/2,,*,7/2,,T7685,"L3260,L3475"
Nd,1,460.382,,100,,,,,,,,,,,,,L3475
Nd,1,460.987,,100,,,,,,,,,,,,,L3475
Nd,1,462.194,462.1932+,300,5.6e+07,,0.2934206,2.9751884,4f4.6s2,5I,6,,*,6,,T7227,L3475
Nd,1,462.798,,100,,,,,,,,,,,,,L3475
Nd,1,463.424,463.42099+,510,8.4e+07,,0.0000000,2.6746628,4f4.6s2,5I,4,4f4.6s.6p,5H*,3,,T7227,L3475
Nd,1,464.110,,340,,,,,,,,,,,,,L3475
Nd,2,464.577,464.5760+,250,3.35e+06,B+,0.5594781,3.2274916,4f4.(5I).6s,4I,13/2,,*,15/2,,T7685,L3475
Nd,1,464.640,,200,,,,,,,,,,,,,L3475
Nd,1,464.967,,300,,,,,,,,,,,,,L3475
Nd,1,465.473,,200,,,,,,,,,,,,,L3475
Nd,2,467.056,467.0559+,130,1.59e+06,B+,0.0636448,2.7174919,4f4.(5I).6s,6I,9/2,,4H*,9/2,,T7685,L3475
Nd,2,468.0734,468.0737+,170,,,0.0636448,2.7117216,4f4.(5I).6s,6I,9/2,,*,7/2,,,"L3260,L3475"
Nd,1,468.345,468.35016+,310,5.2e+07,,0.0000000,2.6465136,4f4.6s2,5I,4,,*,6,,T7227,L3475
Nd,1,468.404,,110,,,,,,,,,,,,,L3475
Nd,1,469.035,,110,,,,,,,,,,,,,L3475
Nd,1,469.644,,190,,,,,,,,,,,,,L3475
Nd,2,470.3576,470.3572+,130,3.05e+06,B+,0.3802292,3.0154501,4f4.(5I).6s,4I,11/2,,*,9/2,,T7685,"L3260,L3475"
Nd,2,470.6542,470.65427+,470,9.8e+06,B+,0.0000000,2.6335577,4f4.(5I).6s,6I,7/2,4f3.5d.6s,6H*,5/2,,T7685,"L3260,L3475"
Nd,1,470.696,,140,,,,,,,,,,,,,L3475
Nd,2,470.9714,470.9716+,190,2.70e+06,B+,0.1822698,2.8140532,4f4.(5I).6s,6I,11/2,4f3.5d2,4I*,11/2,,T7685,"L3260,L3475"
Nd,2,471.5589,471.5586+,190,4.74e+06,B+,0.2045993,2.8331065,4f4.(5I).6s,4I,9/2,,*,7/2,,T7685,"L3260,L3475"
Nd,1,471.902,471.90273+,240,3.3e+07,,0.0000000,2.6265905,4f4.6s2,5I,4,,*,4,,T7227,L3475
Nd,2,472.435,472.4357+,190,7.9e+06,B+,0.7421173,3.3657445,4f4.(5I).6s,4I,15/2,,*,13/2,,T7685,L3475
Nd,1,473.177,,140,,,,,,,,,,,,,L3475
Nd,1,477.946,,120,,,,,,,,,,,,,L3475
Nd,2,478.941,478.9428+,170,,,0.3205562,2.9085385,4f4.(5I).6s,6I,13/2,,*,11/2,,,L3475
Nd,2,479.7157,479.7153+,120,4.9e+06,B+,0.5594781,3.1432927,4f4.(5I).6s,4I,13/2,,*,11/2,,T7685,"L3260,L3475"
Nd,2,481.1343,481.1342+,240,,,0.0636448,2.6398399,4f4.(5I).6s,6I,9/2,,*,7/2,,,"L3260,L3475"
Nd,2,482.034,482.0339+,140,4.36e+06,B+,0.2045993,2.7759864,4f4.(5I).6s,4I,9/2,,*,7/2,,T7685,L3475
Nd,2,482.5482,482.5478+,350,1.08e+07,B+,0.1822698,2.7509180,4f4.(5I).6s,6I,11/2,,*,9/2,,T7685,"L3260,L3475"
Nd,2,483.228,483.2274+,130,,,0.5594781,3.1245140,4f4.(5I).6s,4I,13/2,,*,11/2,,,L3475
Nd,2,484.906,484.9062+,110,,,0.4713792,3.0275348,4f4.(5I).6s,6I,15/2,,*,13/2,,,L3475
Nd,2,485.9030,485.9026+,280,8.6e+06,B+,0.3205562,2.8714703,4f4.(5I).6s,6I,13/2,,*,11/2,,T7685,"L3260,L3475"
Nd,1,486.674,,190,,,,,,,,,,,,,L3475
Nd,1,488.381,488.3811+,350,8.8e+07,,0.6259469,3.1639156,4f4.6s2,5I,8,4f4.6s.6p,5K*,9,,T6288,L3475
Nd,2,488.910,488.9102+,140,3.60e+06,B+,0.1822698,2.7174919,4f4.(5I).6s,6I,11/2,,4H*,9/2,,T7685,L3475
Nd,2,489.070,489.0695+,220,7.1e+06,B+,0.4713792,3.0057756,4f4.(5I).6s,6I,15/2,,*,13/2,,T7685,L3475
Nd,1,489.107,,240,,,,,,,,,,,,,L3475
Nd,1,489.693,489.6927+,280,5.9e+07,,0.1398611,2.6710320,4f4.6s2,5I,5,4f4.6s.6p,5K*,6,,T6288,L3475
Nd,1,490.153,,120,,,,,,,,,,,,,L3475
Nd,1,490.184,,210,,,,,,,,,,,,,L3475
Nd,2,490.2041,490.2037+,110,1.06e+06,B+,0.0636448,2.5921773,4f4.(5I).6s,6I,9/2,4f3.5d2,4K*,11/2,,T7685,"L3260,L3475"
Nd,1,491.341,,190,,,,,,,,,,,,,L3475
Nd,2,491.4385,491.4382+,170,5.5e+06,B+,0.3802292,2.9024100,4f4.(5I).6s,4I,11/2,,*,9/2,,T7685,"L3260,L3475"
Nd,2,492.0692,492.0685+,330,8.9e+06,B+,0.0636448,2.5825946,4f4.(5I).6s,6I,9/2,4f3.5d2,4H*,7/2,,T7685,"L3260,L3475"
Nd,1,492.453,492.45213+,470,9.0e+07,,0.0000000,2.5169877,4f4.6s2,5I,4,4f4.6s.6p,5K*,5,,T7227,L3475
Nd,1,494.483,494.4826+,260,6.7e+07,,0.1398611,2.6465136,4f4.6s2,5I,5,,*,6,,T7227,L3475
Nd,1,495.478,495.47770+,290,2.9e+07,,0.0000000,2.5016183,4f4.6s2,5I,4,,*,5,,T7227,L3475
Nd,2,495.8139,495.8140+,50,1.55e+06,B+,0.3802292,2.8801504,4f4.(5I).6s,4I,11/2,4f4.(5I).6p,6K*,9/2,,T7685,"L3260,L3475"
Nd,2,495.9130,495.9119+,290,4.31e+06,B+,0.0636448,2.5630726,4f4.(5I).6s,6I,9/2,4f3.5d2,4I*,9/2,,T7685,"L3260,L3475"
Nd,2,496.1396,496.1387+,150,,,0.6305390,3.1288243,4f4.(5I).6s,6I,17/2,,*,15/2,,,"L3260,L3475"
Nd,2,498.994,498.9950+,250,,,0.6305390,3.1145240,4f4.(5I).6s,6I,17/2,4f3.5d.6s,*,15/2,,,L3475
Nd,2,503.3517,503.3507+,150,4.9e+06,B,1.1364652,3.5989557,4f4.(5I).5d,6L,19/2,,*,17/2,,T7685,"L3260,L3475"
Nd,2,506.373,506.3722+,110,3.9e+06,B,0.9756205,3.4234176,4f4.(5I).5d,6L,17/2,,*,15/2,,T7685,L3475
Nd,2,507.659,507.6580+,360,,,0.7421173,3.1837146,4f4.(5I).6s,4I,15/2,,*,17/2,,,L3475
Nd,2,508.9837,508.9832+,150h,,,0.2045993,2.6398399,4f4.(5I).6s,4I,9/2,,*,7/2,,,"L3260,L3475"
Nd,2,509.2797,509.2794+,360,5.3e+06,B+,0.3802292,2.8140532,4f4.(5I).6s,4I,11/2,4f3.5d2,4I*,11/2,,T7685,"L3260,L3475"
Nd,2,510.2393,510.2390+,180,,,0.6803825,3.1096297,4f4.(5I).5d,6L,13/2,,*,11/2,,,"L3260,L3475"
Nd,2,510.521,510.5226+,150D,3.5e+06,B,1.1364652,3.5643628,4f4.(5I).5d,6L,19/2,,*,17/2,,T7685,L3475
Nd,1,510.535,,,,,,,,,,,,,,,L3475
Nd,2,510.7585,510.7575+,360,7.8e+06,B,0.8229364,3.2497176,4f4.(5I).5d,6L,15/2,,*,13/2,,T7685,"L3260,L3475"
Nd,2,512.379,512.3779+,340,4.42e+06,B+,0.3802292,2.7993357,4f4.(5I).6s,4I,11/2,4f3.5d2,4K*,13/2,,T7685,L3475
Nd,2,513.0596,513.0586+,680,3.5e+07,B,1.3039158,3.7198124,4f4.(5I).5d,6L,21/2,4f4.(5I).6p,6K*,19/2,,T7685,"L3260,L3475"
Nd,2,513.233,513.2328+,170,3.49e+06,B+,0.5594781,2.9745551,4f4.(5I).6s,4I,13/2,,*,13/2,,T7685,L3475
Nd,2,516.5140,516.5129+,170,,,0.6803825,3.0801227,4f4.(5I).5d,6L,13/2,,*,11/2,,,"L3260,L3475"
Nd,2,518.1165,518.1169+,130,,,0.8594337,3.2517447,4f4.(5I).5d,6K,11/2,,*,9/2,,,"L3260,L3475"
Nd,2,518.2603,518.2587+,120,3.8e+06,B,0.7445586,3.1362150,4f4.(5I).5d,6K,9/2,,*,7/2,,T7685,"L3260,L3475"
Nd,2,519.1448,519.1440+,500,4.9e+06,B+,0.2045993,2.5921773,4f4.(5I).6s,4I,9/2,4f3.5d2,4K*,11/2,,T7685,"L3260,L3475"
Nd,2,519.2621,519.2614+,630,2.54e+07,B,1.1364652,3.5235032,4f4.(5I).5d,6L,19/2,4f4.(5I).6p,6K*,17/2,,T7685,"L3260,L3475"
Nd,2,520.012,520.0121+,330,,,0.5594781,2.9430706,4f4.(5I).6s,4I,13/2,4f3.5d2,*,15/2,,,L3475
Nd,2,521.2365,521.2361+,310,3.40e+06,B+,0.2045993,2.5825946,4f4.(5I).6s,4I,9/2,4f3.5d2,4H*,7/2,,T7685,"L3260,L3475"
Nd,1,521.323,,150,,,,,,,,,,,,,L3475
Nd,2,522.5045,522.5041+,130,,,0.7445586,3.1167830,4f4.(5I).5d,6K,9/2,,*,7/2,,,"L3260,L3475"
Nd,2,522.8427,522.8425+,130,1.28e+06,B+,0.3802292,2.7509180,4f4.(5I).6s,4I,11/2,,*,9/2,,T7685,"L3260,L3475"
Nd,2,523.4195,523.4194+,450,7.4e+06,B+,0.5501873,2.9182632,4f4.(5I).5d,6L,11/2,,*,9/2,,T7685,"L3260,L3475"
Nd,2,523.979,523.9795+,250,,,0.5594781,2.9250228,4f4.(5I).6s,4I,13/2,,*,15/2,,,L3475
Nd,2,524.9585,524.9576+,720,2.42e+07,B,0.9756205,3.3367576,4f4.(5I).5d,6L,17/2,4f4.(5I).6p,6K*,15/2,,T7685,"L3260,L3475"
Nd,2,525.0816,525.0812+,200,5.7e+06,B,0.7445586,3.1051402,4f4.(5I).5d,6K,9/2,4f4.(5I).6p,6I*,7/2,,T7685,"L3260,L3475"
Nd,2,525.5510,525.5506+,360,5.2e+06,B+,0.2045993,2.5630726,4f4.(5I).6s,4I,9/2,4f3.5d2,4I*,9/2,,T7685,"L3260,L3475"
Nd,2,526.948,526.9472+,120,,,0.5501873,2.9024100,4f4.(5I).5d,6L,11/2,,*,9/2,,,L3475
Nd,2,527.3431,527.3427+,590,,,0.6803825,3.0308408,4f4.(5I).5d,6L,13/2,4f4.(5I).6p,6K*,11/2,,,"L3260,L3475"
Nd,2,527.6879,527.6869+,150,1.2e+07,E,0.8594337,3.2083589,4f4.(5I).5d,6K,11/2,4f4.(5I).6p,6I*,9/2,,T4515,"L3260,L3475"
Nd,1,529.167,,110,,,,,,,,,,,,,L3475
Nd,2,529.3168,529.3163+,680,2.12e+07,B,0.8229364,3.1646310,4f4.(5I).5d,6L,15/2,4f4.(5I).6p,6K*,13/2,,T7685,"L3260,L3475"
Nd,2,530.2279,530.2276+,160,9.6e+06,B,1.4124515,3.7501215,4f4.(5I).5d,6K,19/2,4f4.(5I).6p,6I*,17/2,,T7685,"L3260,L3475"
Nd,2,530.6472,530.6460+,110,,,0.8594337,3.1952606,4f4.(5I).5d,6K,11/2,,*,9/2,,,"L3260,L3475"
Nd,2,531.1461,531.1453+,220,7.5e+06,B,0.9856837,3.3193149,4f4.(5I).5d,6K,13/2,4f4.(5I).6p,6I*,11/2,,T7685,"L3260,L3475"
Nd,2,531.9818,531.9815+,500,1.72e+07,B,0.5501873,2.8801504,4f4.(5I).5d,6L,11/2,4f4.(5I).6p,6K*,9/2,,T7685,"L3260,L3475"
Nd,2,535.6976,535.6967+,180,7.5e+06,B,1.2639947,3.5777990,4f4.(5I).5d,6K,17/2,4f4.(5I).6p,6I*,15/2,,T7685,"L3260,L3475"
Nd,2,536.1474,536.1467+,290,,,0.6803825,2.9922446,4f4.(5I).5d,6L,13/2,,*,11/2,,,"L3260,L3475"
Nd,2,537.1935,537.1927+,150,1.15e+07,B,1.4124515,3.7198124,4f4.(5I).5d,6K,19/2,4f4.(5I).6p,6K*,19/2,,T7685,"L3260,L3475"
Nd,2,538.590,538.5888+,110,,,0.7421173,3.0434972,4f4.(5I).6s,4I,15/2,,4K*,15/2,,,L3475
Nd,2,543.1526,543.1516+,160,5.4e+06,B,1.1211594,3.4032063,4f4.(5I).5d,6K,15/2,4f4.6p,*,13/2,,T7685,"L3260,L3475"
Nd,2,545.112,545.1109+,110,,,0.3802292,2.6540739,4f4.(5I).6s,4I,11/2,,*,13/2,,,L3475
Nd,2,548.5699,548.5696+,170,9.4e+06,C+,1.2639947,3.5235032,4f4.(5I).5d,6K,17/2,4f4.(5I).6p,6K*,17/2,,T7685,"L3260,L3475"
Nd,1,550.147,,35,,,,,,,,,,,,,L3475
Nd,1,552.572,,45,,,,,,,,,,,,,L3475
Nd,1,553.382,,90,,,,,,,,,,,,,L3475
Nd,2,553.527,553.5197+,55*,,,2.0594457,4.2987476,4f4.(3K2).6s,4K,17/2,,*,15/2,,,L3475
Nd,2,553.527,553.5279+,55*,,,2.3347712,4.5740399,4f3.5d2,6K*,9/2,,,9/2,,,L3475
Nd,2,553.527,553.5322+,55*,2.3e+06,C+,1.4101312,3.6493825,4f4.(5I).5d,6I,15/2,4f4.(5I).6p,6H*,13/2,,T7685,L3475
Nd,1,554.324,,55,,,,,,,,,,,,,L3475
Nd,2,554.8474,554.8448+,55,1.16e+06,C+,0.5501873,2.7841414,4f4.(5I).5d,6L,11/2,,*,9/2,,T7685,"L3260,L3475"
Nd,1,556.117,,55,,,,,,,,,,,,,L3475
Nd,1,557.550,,27,,,,,,,,,,,,,L3475
Nd,1,557.670,,27,,,,,,,,,,,,,L3475
Nd,1,557.770,,27,,,,,,,,,,,,,L3475
Nd,1,558.761,,27,,,,,,,,,,,,,L3475
Nd,2,559.4425,559.4416+,240,9.3e+06,B,1.1211594,3.3367576,4f4.(5I).5d,6K,15/2,4f4.(5I).6p,6K*,15/2,,T7685,"L3260,L3475"
Nd,1,560.143,,55,,,,,,,,,,,,,L3475
Nd,1,560.192,,45,,,,,,,,,,,,,L3475
Nd,1,562.054,,220,,,,,,,,,,,,,L3475
Nd,2,562.054,562.0594+,220,1.3e+07,E,1.5448425,3.7501215,4f4.(5I).5d,6I,17/2,4f4.(5I).6p,6I*,17/2,,T4515,L3475
Nd,1,563.576,,65,,,,,,,,,,,,,L3475
Nd,1,563.954,,45,,,,,,,,,,,,,L3475
Nd,1,565.357,,35,,,,,,,,,,,,,L3475
Nd,2,566.8868,566.8857+,70,5.6e+06,B,1.4124515,3.5989557,4f4.(5I).5d,6K,19/2,,*,17/2,,T7685,"L3260,L3475"
Nd,1,566.977,,65,,,,,,,,,,,,,L3475
Nd,1,567.597,,140bl,,,,,,,,,,,,,L3475
Nd,1,567.633,,55,,,,,,,,,,,,,L3475
Nd,2,568.8525,568.8518+,220,7.3e+06,B,0.9856837,3.1646310,4f4.(5I).5d,6K,13/2,4f4.(5I).6p,6K*,13/2,,T7685,"L3260,L3475"
Nd,1,568.951,,23,,,,,,,,,,,,,L3475
Nd,1,570.157,,30,,,,,,,,,,,,,L3475
Nd,2,570.2244,570.2238+,130,2.73e+06,B,0.7445586,2.9182632,4f4.(5I).5d,6K,9/2,,*,9/2,,T7685,"L3260,L3475"
Nd,2,570.6206,570.6209+,80,,,0.9329482,3.1051402,4f4.(5I).5d,6I,7/2,4f4.(5I).6p,6I*,7/2,,,"L3260,L3475"
Nd,2,570.8280,570.8271+,160,,,0.8594337,3.0308408,4f4.(5I).5d,6K,11/2,4f4.(5I).6p,6K*,11/2,,,"L3260,L3475"
Nd,2,571.8120,571.8118+,80,5.1e+06,B,1.4101312,3.5777990,4f4.(5I).5d,6I,15/2,4f4.(5I).6p,6I*,15/2,,T7685,"L3260,L3475"
Nd,2,572.6825,572.6825+,65,3.1e+06,B,1.0439866,3.2083589,4f4.(5I).5d,6I,9/2,4f4.(5I).6p,6I*,9/2,,T7685,"L3260,L3475"
Nd,1,572.929,,100,,,,,,,,,,,,,L3475
Nd,2,574.0862,574.0858+,70,5.0e+06,B,1.1602330,3.3193149,4f4.(5I).5d,6I,11/2,4f4.(5I).6p,6I*,11/2,,T7685,"L3260,L3475"
Nd,1,574.919,,55,,,,,,,,,,,,,L3475
Nd,1,574.966,,27,,,,,,,,,,,,,L3475
Nd,1,576.733,,23,,,,,,,,,,,,,L3475
Nd,1,577.612,,45,,,,,,,,,,,,,L3475
Nd,1,578.496,,45,,,,,,,,,,,,,L3475
Nd,1,578.822,,45,,,,,,,,,,,,,L3475
Nd,1,580.009,,45,,,,,,,,,,,,,L3475
Nd,2,580.4020,580.4004+,160,5.9e+06,B,0.7445586,2.8801504,4f4.(5I).5d,6K,9/2,4f4.(5I).6p,6K*,9/2,,T7685,"L3260,L3475"
Nd,2,581.1572,581.1572+,80,,,0.8594337,2.9922446,4f4.(5I).5d,6K,11/2,,*,11/2,,,"L3260,L3475"
Nd,1,581.389,,45,,,,,,,,,,,,,L3475
Nd,1,582.037,,27,,,,,,,,,,,,,L3475
Nd,2,582.5872,582.5857+,70,,,1.0807014,3.2082827,4f4.(5I).5d,6G,3/2,4f4.(5I).6p,6H*,5/2,,,"L3260,L3475"
Nd,1,582.674,,30,,,,,,,,,,,,,L3475
Nd,2,584.2391,584.2366+,80,,,1.2816371,3.4032063,4f4.(5I).5d,6I,13/2,4f4.6p,*,13/2,,,"L3260,L3475"
Nd,1,584.466,,30,,,,,,,,,,,,,L3475
Nd,1,584.595,,23,,,,,,,,,,,,,L3475
Nd,1,585.891,,55,,,,,,,,,,,,,L3475
Nd,2,586.5057,586.5027+,150,1.3e+06,E,1.4101312,3.5235032,4f4.(5I).5d,6I,15/2,4f4.(5I).6p,6K*,17/2,,T4515,"L3260,L3475"
Nd,1,586.708,,35,,,,,,,,,,,,,L3475
Nd,1,586.890,,30,,,,,,,,,,,,,L3475
Nd,1,587.104,,27,,,,,,,,,,,,,L3475
Nd,1,588.329,,30,,,,,,,,,,,,,L3475
Nd,1,588.624,,23,,,,,,,,,,,,,L3475
Nd,1,588.791,,30,,,,,,,,,,,,,L3475
Nd,1,592.122,,27,,,,,,,,,,,,,L3475
Nd,1,595.587,,27,,,,,,,,,,,,,L3475
Nd,1,599.476,,30,,,,,,,,,,,,,L3475
Nd,1,599.647,,27,,,,,,,,,,,,,L3475
Nd,1,600.767,,45,,,,,,,,,,,,,L3475
Nd,2,603.1266,603.1270+,35,,,1.2816371,3.3367576,4f4.(5I).5d,6I,13/2,4f4.(5I).6p,6K*,15/2,,,"L3260,L3475"
Nd,1,603.329,,27,,,,,,,,,,,,,L3475
Nd,2,603.4239,603.4228+,45,,,1.5448425,3.5989557,4f4.(5I).5d,6I,17/2,,*,17/2,,,"L3260,L3475"
Nd,2,605.1875,605.1868+,40,1.1e+06,E,1.1602330,3.2083589,4f4.(5I).5d,6I,11/2,4f4.(5I).6p,6I*,9/2,,T4515,L3260
Nd,1,606.603,,55,,,,,,,,,,,,,L3475
Nd,1,607.170,,27,,,,,,,,,,,,,L3475
Nd,1,607.397,,30,,,,,,,,,,,,,L3475
Nd,2,613.347,613.3452+,23D*,,,1.7955354,3.8164184,4f4.(5I).5d,6H,15/2,4f4.6p,*,17/2,,,L3475
Nd,2,613.358,613.3584+,23D*,,,1.8545060,3.8753456,4f4.(5I).5d,4K,15/2,,*,13/2,,,L3475
Nd,1,614.928,,27,,,,,,,,,,,,,L3475
Nd,1,615.506,,27,,,,,,,,,,,,,L3475
Nd,2,615.783,615.7822+,35,,,0.5501873,2.5630726,4f4.(5I).5d,6L,11/2,4f3.5d2,4I*,9/2,,,L3475
Nd,2,616.667,616.6651+,23,,,1.4518072,3.4618105,4f4.(5I).5d,6H,9/2,4f4.(5I).6p,4I*,9/2,,,L3475
Nd,2,617.0486,617.0480+,35,,,1.1995267,3.2082827,4f4.(5I).5d,6H,5/2,4f4.(5I).6p,6H*,5/2,,,"L3260,L3475"
Nd,1,617.859,,45,,,,,,,,,,,,,L3475
Nd,2,618.3907,618.3897+,27,1.48e+06,C+,1.1602330,3.1646310,4f4.(5I).5d,6I,11/2,4f4.(5I).6p,6K*,13/2,,T7685,"L3260,L3475"
Nd,1,620.824,,27,,,,,,,,,,,,,L3475
Nd,1,622.339,,45,,,,,,,,,,,,,L3475
Nd,1,622.650,,27,,,,,,,,,,,,,L3475
Nd,2,623.8499,623.8500+,23,,,1.0439866,3.0308408,4f4.(5I).5d,6I,9/2,4f4.(5I).6p,6K*,11/2,,,"L3260,L3475"
Nd,1,624.408,,35,,,,,,,,,,,,,L3475
Nd,1,625.749,,23,,,,,,,,,,,,,L3475
Nd,2,625.873,625.8716+,27,,,1.3225122,3.3029490,4f4.(5I).5d,6H,7/2,4f4.(5I).6p,6H*,7/2,,,L3475
Nd,2,627.729,627.7367+,23*,,,2.0204130,3.9949655,4f4.(5I).5d,4K,17/2,,*,15/2,,,L3475
Nd,2,627.729,627.7273+,23*,,,1.9526538,3.9272361,4f4.(5I).5d,4L,19/2,4f4.(5I).6p,4K*,17/2,,,L3475
Nd,1,628.579,,27,,,,,,,,,,,,,L3475
Nd,2,629.284,629.2816+,23*,,,0.1822698,2.1519750,4f4.(5I).6s,6I,11/2,,*,9/2,,,L3475
Nd,2,629.284,629.2817+,23*,,,1.6859204,3.6556251,4f4.(5I).5d,4K,13/2,4f4.(5I).6p,4I*,11/2,,,L3475
Nd,1,629.707,,23,,,,,,,,,,,,,L3475
Nd,1,631.049,,55,,,,,,,,,,,,,L3475
Nd,2,634.1507,634.1492+,27,,,1.7955354,3.7501215,4f4.(5I).5d,6H,15/2,4f4.(5I).6p,6I*,17/2,,,"L3260,L3475"
Nd,2,638.207,638.2063+,23,,,1.4358443,3.3780053,4f4.(5I).5d,4L,13/2,4f4.(5I).6p,4K*,11/2,,,L3475
Nd,2,638.5196,638.5187+,65,,,1.6002101,3.5414208,4f4.(5I).5d,4L,15/2,4f4.(5I).6p,4K*,13/2,,,"L3260,L3475"
Nd,1,648.569,,35,,,,,,,,,,,,,L3475
Nd,1,663.014,,45,,,,,,,,,,,,,L3475
Nd,2,663.796,663.7958+,35,,,1.7731978,3.6404885,4f4.(5I).5d,4L,17/2,,*,15/2,,,L3475
Nd,2,665.057,665.0583+,45*,,,3.3604473,5.2241932,,*,11/2,4f3.6s.6p,6K,9/2,,,L3475
Nd,2,665.057,665.0517+,45*,,,1.9526538,3.8164184,4f4.(5I).5d,4L,19/2,4f4.6p,*,17/2,,,L3475
Nd,1,665.567,,30,,,,,,,,,,,,,L3475
Nd,2,673.779,673.7763+,25,,,1.6002101,3.4398412,4f4.(5I).5d,4L,15/2,4f4.(5I).6p,6I*,13/2,,,L3475
Nd,2,674.011,674.0078+,40,,,0.0636448,1.9026442,4f4.(5I).6s,6I,9/2,4f3.5d2,6H*,7/2,,,L3475
Nd,1,674.254,,25,,,,,,,,,,,,,L3475
Nd,2,679.037,679.0372+,30,,,0.1822698,2.0076482,4f4.(5I).6s,6I,11/2,4f3.5d.6s,6G*,9/2,,,L3475
Nd,2,680.400,680.3980+,30,,,1.4358443,3.2575720,4f4.(5I).5d,4L,13/2,,*,11/2,,,L3475
Nd,2,684.672,684.6764+,25*,,,0.3205562,2.1309003,4f4.(5I).6s,6I,13/2,4f3.5d.6s,2I*,11/2,,,L3475
Nd,2,684.672,684.6668+,25*,,,1.4358443,3.2462138,4f4.(5I).5d,4L,13/2,,*,11/2,,,L3475
Nd,2,690.043,690.0441+,40,,,0.0000000,1.7962620,4f4.(5I).6s,6I,7/2,4f3.5d2,6H*,5/2,,,L3475
Nd,2,694.139,694.1382+,24,,,1.6002101,3.3858777,4f4.(5I).5d,4L,15/2,,*,13/2,,,L3475
Nd,2,701.080,701.0702+,17h,,,2.7720468,4.5400583,,*,9/2,4f3.5d.6p,,11/2,,,L3475
Nd,2,701.885,701.8865+,8,,,1.0439866,2.8099419,4f4.(5I).5d,6I,9/2,,*,9/2,,,L3475
Nd,2,702.092,702.0960+,17,,,1.7731978,3.5386262,4f4.(5I).5d,4L,17/2,,*,15/2,,,L3475
Nd,2,702.458,702.4596+,17,,,0.3205562,2.0850708,4f4.(5I).6s,6I,13/2,4f3.5d2,4K*,11/2,,,L3475
Nd,2,703.730,703.7336+,35,,,0.4713792,2.2326994,4f4.(5I).6s,6I,15/2,4f3.5d2,6H*,13/2,,,L3475
Nd,2,705.214,705.2144+,7,,,1.2246124,2.9822341,4f4.(5I).5d,,9/2,,*,9/2,,,L3475
Nd,2,705.474,705.4750+,7,,,2.0594457,3.8164184,4f4.(3K2).6s,4K,17/2,4f4.6p,*,17/2,,,L3475
Nd,2,706.147,706.1497+,7,,,1.3498463,3.1051402,4f4.(5I).5d,4G,5/2,4f4.(5I).6p,6I*,7/2,,,L3475
Nd,2,706.689,706.6893+,40,,,0.6305390,2.3844926,4f4.(5I).6s,6I,17/2,4f3.5d2,6H*,15/2,,,L3475
Nd,2,708.293,708.2942+,8,,,0.3205562,2.0705355,4f4.(5I).6s,6I,13/2,4f3.(4I*).5d2.(3F),6I*,15/2,,,L3475
Nd,2,708.971,708.9723+,12h,,,1.1602330,2.9085385,4f4.(5I).5d,6I,11/2,,*,11/2,,,L3475
Nd,2,709.274,709.2701+,12h*,,,1.6990082,3.4465797,4f4.(5I).5d,4G,9/2,,*,11/2,,,L3475
Nd,2,709.274,709.2716+,12h*,,,0.3205562,2.0681240,4f4.(5I).6s,6I,13/2,4f3.5d2,6H*,11/2,,,L3475
Nd,2,709.274,709.2731+,12h*,,,1.2285154,2.9760795,4f4.(5I).5d,,7/2,,*,9/2,,,L3475
Nd,2,709.274,709.2746+,12h*,,,1.7679378,3.5154982,4f4.(5I).5d,,13/2,,*,13/2,,,L3475
Nd,1,709.398,,17w,,,,,,,,,,,,,L3475
Nd,1,709.542,,20w,,,,,,,,,,,,,L3475
Nd,2,712.935,712.9359+,29,,,0.1822698,1.9208556,4f4.(5I).6s,6I,11/2,4f3.5d2,6H*,9/2,,,L3475
Nd,2,714.204,714.2123+,12h*,,,2.4423189,4.1777976,4f3.5d.6s,*,9/2,4f4.5d,,11/2,,,L3475
Nd,2,714.204,714.1985+,12h*,,,1.6423158,3.3778280,4f4.(5I).5d,4I,9/2,,*,7/2,,,L3475
Nd,2,714.204,714.1973+,12h*,,,1.5220567,3.2575720,4f4.(5I).5d,4K,11/2,,*,11/2,,,L3475
Nd,2,715.103,715.1028+,8,,,1.4101312,3.1434489,4f4.(5I).5d,6I,15/2,,*,15/2,,,L3475
Nd,1,715.309,,6,,,,,,,,,,,,,L3475
Nd,2,718.909,718.9100+,10,,,1.2816371,3.0057756,4f4.(5I).5d,6I,13/2,,*,13/2,,,L3475
Nd,2,718.942,718.9428+,24,,,0.3205562,2.0446160,4f4.(5I).6s,6I,13/2,4f3.5d.6s,6H*,11/2,,,L3475
Nd,2,719.201,719.2055+,20,,,1.4358443,3.1592742,4f4.(5I).5d,4L,13/2,,*,11/2,,,L3475
Nd,2,719.900,719.9008+,10,,,0.0000000,1.7217655,4f4.(5I).6s,6I,7/2,4f3.5d.6s,*,9/2,,,L3475
Nd,1,722.701,,8w,,,,,,,,,,,,,L3475
Nd,2,723.654,723.6549+,15,,,0.0636448,1.7764785,4f4.(5I).6s,6I,9/2,4f3.5d.6s,6H*,7/2,,,L3475
Nd,2,726.164,726.1572+,7h,,,1.0439866,2.7509180,4f4.(5I).5d,6I,9/2,,*,9/2,,,L3475
Nd,2,728.529,728.5279+,9,,,1.1995267,2.9009035,4f4.(5I).5d,6H,5/2,,*,7/2,,,L3475
Nd,2,728.856,728.8566+,9,,,0.9329482,2.6335577,4f4.(5I).5d,6I,7/2,4f3.5d.6s,6H*,5/2,,,L3475
Nd,2,729.138,729.1362+,6,,,1.6859204,3.3858777,4f4.(5I).5d,4K,13/2,,*,13/2,,,L3475
Nd,2,729.872,729.8727+,7,,,1.5292496,3.2274916,4f4.(5I).5d,6G,13/2,,*,15/2,,,L3475
Nd,2,731.681,731.6815+,12,,,0.4713792,2.1654231,4f4.(5I).6s,6I,15/2,,*,13/2,,,L3475
Nd,1,732.143,,7w,,,,,,,,,,,,,L3475
Nd,2,732.312,732.3128+,7,,,0.3205562,2.0131395,4f4.(5I).6s,6I,13/2,4f3.5d2,6H*,11/2,,,L3475
Nd,1,733.454,,6,,,,,,,,,,,,,L3475
Nd,1,735.710,,6,,,,,,,,,,,,,L3475
Nd,2,737.404,737.4006+,6,,,1.7679378,3.4488430,4f4.(5I).5d,,13/2,,*,15/2,,,L3475
Nd,2,738.179,738.1798+,7,,,0.1822698,1.8614008,4f4.(5I).6s,6I,11/2,4f3.5d.6s,6H*,9/2,,,L3475
Nd,1,740.131,,9,,,,,,,,,,,,,L3475
Nd,2,740.662,740.6613+,10,,,1.0439866,2.7174919,4f4.(5I).5d,6I,9/2,,4H*,9/2,,,L3475
Nd,2,741.120,741.1184+,6,,,0.2045993,1.8770724,4f4.(5I).6s,4I,9/2,4f3.5d.6s,*,11/2,,,L3475
Nd,2,741.818,741.8160+,10,,,1.3566345,3.0275348,4f4.(5I).5d,,11/2,,*,13/2,,,L3475
Nd,2,742.741,742.7416+,9,,,1.4904562,3.1592742,4f4.(5I).5d,6G,11/2,,*,11/2,,,L3475
Nd,2,744.871,744.8708+,9,,,1.6002101,3.2642578,4f4.(5I).5d,4L,15/2,4f3.5d.6s,*,13/2,,,L3475
Nd,2,748.128,748.1287+,5,,,0.2045993,1.8614008,4f4.(5I).6s,4I,9/2,4f3.5d.6s,6H*,9/2,,,L3475
Nd,2,751.116,751.1125+,12,,,1.7731978,3.4234176,4f4.(5I).5d,4L,17/2,,*,15/2,,,L3475
Nd,2,751.373,751.3736+,17,,,0.9329482,2.5825946,4f4.(5I).5d,6I,7/2,4f3.5d2,4H*,7/2,,,L3475
Nd,2,751.444,751.4368+,7h*,,,1.6002101,3.2497176,4f4.(5I).5d,4L,15/2,,*,13/2,,,L3475
Nd,2,751.444,751.4408+,7h*,,,3.6676869,5.3171857,,*,11/2,4f3.6s.6p,6K,11/2,,,L3475
Nd,2,751.602,751.6038+,7,,,1.3566345,3.0057756,4f4.(5I).5d,,11/2,,*,13/2,,,L3475
Nd,2,752.645,752.6458+,9,,,1.2246124,2.8714703,4f4.(5I).5d,,9/2,,*,11/2,,,L3475
Nd,2,752.899,752.9000+,12,,,1.9526538,3.5989557,4f4.(5I).5d,4L,19/2,,*,17/2,,,L3475
Nd,2,753.826,753.8265+,10,,,1.4358443,3.0801227,4f4.(5I).5d,4L,13/2,,*,11/2,,,L3475
Nd,2,754.097,754.0983+,5*,,,1.1404556,2.7841414,4f4.(5I).5d,6G,7/2,,*,9/2,,,L3475
Nd,2,754.097,754.0960+,5*,,,2.9085385,4.5522292,,*,11/2,4f3.5d.6p,,9/2,,,L3475
Nd,2,754.700,754.7000+,7,,,0.7421173,2.3844926,4f4.(5I).6s,4I,15/2,4f3.5d2,6H*,15/2,,,L3475
Nd,2,757.754,757.7496+,5,,,0.2045993,1.8403650,4f4.(5I).6s,4I,9/2,4f3.5d.6s,4I*,9/2,,,L3475
Nd,2,758.765,758.7635+,7,,,1.1995267,2.8331065,4f4.(5I).5d,6H,5/2,,*,7/2,,,L3475
Nd,2,759.075,759.0746+,6,,,0.3802292,2.0131395,4f4.(5I).6s,4I,11/2,4f3.5d2,6H*,11/2,,,L3475
Nd,2,760.373,760.3719+,6,,,0.9329482,2.5630726,4f4.(5I).5d,6I,7/2,4f3.5d2,4I*,9/2,,,L3475
Nd,2,760.592,760.5917+,5,,,1.7731978,3.4028511,4f4.(5I).5d,4L,17/2,,*,15/2,,,L3475
Nd,1,761.472,,5,,,,,,,,,,,,,L3475
Nd,2,763.979,763.9789+,9,,,0.6305390,2.2529671,4f4.(5I).6s,6I,17/2,4f3.(4I*).5d2.(3F),6I*,17/2,,,L3475
Nd,2,764.600,764.5994+,8,,,1.0906103,2.7117216,4f4.(5I).5d,6G,5/2,,*,7/2,,,L3475
Nd,2,766.352,766.3522+,6,,,1.4101312,3.0275348,4f4.(5I).5d,6I,15/2,,*,13/2,,,L3475
Nd,2,769.656,769.6553+,12,,,1.1404556,2.7509180,4f4.(5I).5d,6G,7/2,,*,9/2,,,L3475
Nd,2,771.820,771.8202+,6,,,0.5594781,2.1654231,4f4.(5I).6s,4I,13/2,,*,13/2,,,L3475
Nd,2,774.390,774.3922+,4,,,0.3205562,1.9211674,4f4.(5I).6s,6I,13/2,4f3.5d2,6I*,13/2,,,L3475
Nd,2,774.892,774.8940+,4,,,1.5292496,3.1288243,4f4.(5I).5d,6G,13/2,,*,15/2,,,L3475
Nd,2,775.095,775.0968+,10,,,0.4713792,2.0705355,4f4.(5I).6s,6I,15/2,4f3.(4I*).5d2.(3F),6I*,15/2,,,L3475
Nd,2,777.306,777.3052+,6,,,0.0000000,1.5946128,4f4.(5I).6s,6I,7/2,4f3.5d.6s,6I*,7/2,,,L3475
Nd,2,779.222,779.2246+,7,,,1.1602330,2.7509180,4f4.(5I).5d,6I,11/2,,*,9/2,,,L3475
Nd,2,779.640,779.6421+,6,,,1.2816371,2.8714703,4f4.(5I).5d,6I,13/2,,*,11/2,,,L3475
Nd,2,779.732,779.7239+,8*,,,1.4904562,3.0801227,4f4.(5I).5d,6G,11/2,,*,11/2,,,L3475
Nd,2,779.732,779.7260+,8*,,,3.2083589,4.7980211,4f4.(5I).6p,6I*,9/2,4f3.5d.6p,,9/2,,,L3475
Nd,2,779.832,779.8346+,5,,,1.2246124,2.8140532,4f4.(5I).5d,,9/2,4f3.5d2,4I*,11/2,,,L3475
Nd,2,780.847,780.8493+,10,,,0.6305390,2.2179143,4f4.(5I).6s,6I,17/2,4f3.(4I*).5d2.(3F),6K*,19/2,,,L3475
Nd,2,781.883,781.8842+,7,,,1.5292496,3.1145240,4f4.(5I).5d,6G,13/2,4f3.5d.6s,*,15/2,,,L3475
Nd,2,782.520,782.5225+,5*,,,1.3039158,2.8878970,4f4.(5I).5d,6L,21/2,4f3.5d2,6K*,19/2,,,L3475
Nd,2,782.520,782.5222+,5*,,,1.5448425,3.1288243,4f4.(5I).5d,6I,17/2,,*,15/2,,,L3475
Nd,2,786.304,786.3049+,12,,,0.3205562,1.8969179,4f4.(5I).6s,6I,13/2,4f3.5d.6s,6I*,13/2,,,L3475
Nd,1,787.203,,5w,,,,,,,,,,,,,L3475
Nd,2,788.660,788.6614+,7,,,1.6859204,3.2575720,4f4.(5I).5d,4K,13/2,,*,11/2,,,L3475
Nd,2,789.650,789.6513+,4h,,,1.5448425,3.1145240,4f4.(5I).5d,6I,17/2,4f3.5d.6s,*,15/2,,,L3475
Nd,2,790.040,790.0385+,9*,,,1.3493510,2.9182632,4f4.(5I).5d,6G,9/2,,*,9/2,,,L3475
Nd,2,790.040,790.0388+,9*,,,1.8545060,3.4234176,4f4.(5I).5d,4K,15/2,,*,15/2,,,L3475
Nd,1,790.603,,5w,,,,,,,,,,,,,L3475
Nd,2,791.701,791.6996+,12,,,0.1822698,1.7478902,4f4.(5I).6s,6I,11/2,4f3.(4I*).5d2.(3F),6I*,11/2,,,L3475
Nd,2,792.503,792.4963+,10,,,1.0906103,2.6546567,4f4.(5I).5d,6G,5/2,4f3.5d2,*,7/2,,,L3475
Nd,2,794.793,794.7919+,5,,,1.2246124,2.7841414,4f4.(5I).5d,,9/2,,*,9/2,,,L3475
Nd,2,794.968,794.9660+,10,,,1.3493510,2.9085385,4f4.(5I).5d,6G,9/2,,*,11/2,,,L3475
Nd,2,795.538,795.5382+,5h,,,1.5220567,3.0801227,4f4.(5I).5d,4K,11/2,,*,11/2,,,L3475
Nd,1,795.895,,12,,,,,,,,,,,,,L3475
Nd,2,796.573,796.5721+,12,,,0.0636448,1.6196887,4f4.(5I).6s,6I,9/2,4f3.(4I*).5d (5K*).6s,6I*,9/2,,,L3475
Nd,2,798.2090,798.2072+,15,,,1.0807014,2.6335577,4f4.(5I).5d,6G,3/2,4f3.5d.6s,6H*,5/2,,,"L3260,L3475"
Nd,2,798.268,798.2681+,12,,,0.4713792,2.0241170,4f4.(5I).6s,6I,15/2,4f3.(4I*).5d2.(3F),6K*,17/2,,,L3475
