point_index,timestamp_start,timestamp_end,parked_nm,requested_nm,reported_nm,pulses_requested,lamp_before,lamp_after,lamp_delta,fire_seconds,pump_mj,ir_mj,laser_state,output_level,batch_mode,sync_mode,burst_length,cooling_c,hv_v,motor_IVH_HM:23,motor_IIH_HM:24,motor_IH_HM:25,motor_DFG/SF:26,motor_SF/DUV:27,motor_PBP1:28,motor_DUV:29
1,2026-08-20T18:58:38.890,2026-08-20T18:58:46.754,800.0,491.2,491.20001220703125,10,37447180,37447202,22,2.203,83.4177017211914,3.3754119873046875,RUN,OFF,Burst,INTERNAL,10.0,30.0,4311.0,Ok.,Ok.,Ok.,Ok.,Ok.,Ok.,Ok.
2,2026-08-20T18:58:46.754,2026-08-20T18:58:54.635,800.0,491.25,491.25,10,37447259,37447281,22,2.203,83.75975036621094,3.3754119873046875,RUN,OFF,Burst,INTERNAL,10.0,30.0,4310.0,Ok.,Ok.,Ok.,Ok.,Ok.,Ok.,Ok.
3,2026-08-20T18:58:54.635,2026-08-20T18:59:02.635,800.0,491.3,491.29998779296875,10,37447339,37447361,22,2.219,82.94464111328125,3.3754119873046875,RUN,OFF,Burst,INTERNAL,10.0,30.0,4310.0,Ok.,Ok.,Ok.,Ok.,Ok.,Ok.,Ok.
4,2026-08-20T18:59:02.635,2026-08-20T18:59:10.544,800.0,491.35,491.3500061035156,10,37447418,37447440,22,2.203,83.40863800048828,3.3754119873046875,RUN,OFF,Burst,INTERNAL,10.0,30.0,4311.0,Ok.,Ok.,Ok.,Ok.,Ok.,Ok.,Ok.
5,2026-08-20T18:59:10.544,2026-08-20T18:59:18.450,800.0,491.4,491.3999938964844,10,37447497,37447519,22,2.219,83.46012878417969,3.3754119873046875,RUN,OFF,Burst,INTERNAL,10.0,30.0,4311.0,Ok.,Ok.,Ok.,Ok.,Ok.,Ok.,Ok.
6,2026-08-20T18:59:18.450,2026-08-20T18:59:26.324,800.0,491.45,491.45001220703125,10,37447576,37447598,22,2.203,83.93858337402344,3.3754119873046875,RUN,OFF,Burst,INTERNAL,10.0,30.0,4311.0,Ok.,Ok.,Ok.,Ok.,Ok.,Ok.,Ok.
7,2026-08-20T18:59:26.324,2026-08-20T18:59:34.235,800.0,491.5,491.5,10,37447655,37447677,22,2.203,84.68427276611328,3.3754119873046875,RUN,OFF,Burst,INTERNAL,10.0,30.0,4310.0,Ok.,Ok.,Ok.,Ok.,Ok.,Ok.,Ok.
8,2026-08-20T18:59:34.235,2026-08-20T18:59:42.121,800.0,491.55,491.54998779296875,10,37447734,37447756,22,2.203,84.7337417602539,3.3754119873046875,RUN,OFF,Burst,INTERNAL,10.0,30.0,4311.0,Ok.,Ok.,Ok.,Ok.,Ok.,Ok.,Ok.
9,2026-08-20T18:59:42.121,2026-08-20T18:59:49.994,800.0,491.6,491.6000061035156,10,37447812,37447835,23,2.219,84.22124481201172,3.3754119873046875,RUN,OFF,Burst,INTERNAL,10.0,30.0,4311.0,Ok.,Ok.,Ok.,Ok.,Ok.,Ok.,Ok.
10,2026-08-20T18:59:49.994,2026-08-20T18:59:57.873,800.0,491.65,491.6499938964844,10,37447891,37447913,22,2.203,83.39140319824219,3.3754119873046875,RUN,OFF,Burst,INTERNAL,10.0,30.0,4310.0,Ok.,Ok.,Ok.,Ok.,Ok.,Ok.,Ok.
11,2026-08-20T18:59:57.873,2026-08-20T19:00:05.753,800.0,491.7,491.70001220703125,10,37447970,37447992,22,2.203,83.52825164794922,3.3754119873046875,RUN,OFF,Burst,INTERNAL,10.0,30.0,4310.0,Ok.,Ok.,Ok.,Ok.,Ok.,Ok.,Ok.
12,2026-08-20T19:00:05.753,2026-08-20T19:00:13.654,800.0,491.75,491.75,10,37448049,37448071,22,2.203,83.6290283203125,3.3754119873046875,RUN,OFF,Burst,INTERNAL,10.0,30.0,4311.0,Ok.,Ok.,Ok.,Ok.,Ok.,Ok.,Ok.
13,2026-08-20T19:00:13.654,2026-08-20T19:00:21.595,800.0,491.8,491.79998779296875,10,37448128,37448151,23,2.203,83.00037384033203,3.3754119873046875,RUN,OFF,Burst,INTERNAL,10.0,30.0,4310.0,Ok.,Ok.,Ok.,Ok.,Ok.,Ok.,Ok.
14,2026-08-20T19:00:21.595,2026-08-20T19:00:29.496,800.0,491.85,491.8500061035156,10,37448207,37448230,23,2.203,84.27883911132812,3.3754119873046875,RUN,OFF,Burst,INTERNAL,10.0,30.0,4310.0,Ok.,Ok.,Ok.,Ok.,Ok.,Ok.,Ok.
15,2026-08-20T19:00:29.506,2026-08-20T19:00:37.384,800.0,491.9,491.8999938964844,10,37448286,37448308,22,2.203,83.53636932373047,3.3754119873046875,RUN,OFF,Burst,INTERNAL,10.0,30.0,4311.0,Ok.,Ok.,Ok.,Ok.,Ok.,Ok.,Ok.
16,2026-08-20T19:00:37.384,2026-08-20T19:00:45.269,800.0,491.95,491.95001220703125,10,37448365,37448387,22,2.203,83.58577728271484,3.3754119873046875,RUN,OFF,Burst,INTERNAL,10.0,30.0,4311.0,Ok.,Ok.,Ok.,Ok.,Ok.,Ok.,Ok.
17,2026-08-20T19:00:45.269,2026-08-20T19:00:53.167,800.0,492.0,492.0,10,37448444,37448466,22,2.219,83.57026672363281,3.3754119873046875,RUN,OFF,Burst,INTERNAL,10.0,30.0,4310.0,Ok.,Ok.,Ok.,Ok.,Ok.,Ok.,Ok.
18,2026-08-20T19:00:53.167,2026-08-20T19:01:01.051,800.0,492.05,492.04998779296875,10,37448523,37448545,22,2.203,83.63064575195312,3.406327247619629,RUN,OFF,Burst,INTERNAL,10.0,30.0,4310.0,Ok.,Ok.,Ok.,Ok.,Ok.,Ok.,Ok.
19,2026-08-20T19:01:01.051,2026-08-20T19:01:09.045,800.0,492.1,492.1000061035156,10,37448603,37448625,22,2.219,83.04117584228516,3.383544445037842,RUN,OFF,Burst,INTERNAL,10.0,30.0,4312.0,Ok.,Ok.,Ok.,Ok.,Ok.,Ok.,Ok.
20,2026-08-20T19:01:09.045,2026-08-20T19:01:16.925,800.0,492.15,492.1499938964844,10,37448682,37448704,22,2.203,84.3821792602539,3.3775508403778076,RUN,OFF,Burst,INTERNAL,10.0,30.0,4311.0,Ok.,Ok.,Ok.,Ok.,Ok.,Ok.,Ok.
21,2026-08-20T19:01:16.933,2026-08-20T19:01:24.805,800.0,492.2,492.20001220703125,10,37448761,37448783,22,2.203,83.50071716308594,3.375974178314209,RUN,OFF,Burst,INTERNAL,10.0,30.0,4309.0,Ok.,Ok.,Ok.,Ok.,Ok.,Ok.,Ok.
22,2026-08-20T19:01:24.805,2026-08-20T19:01:32.691,800.0,492.25,492.25,10,37448839,37448862,23,2.204,83.83097076416016,3.3755593299865723,RUN,OFF,Burst,INTERNAL,10.0,30.0,4311.0,Ok.,Ok.,Ok.,Ok.,Ok.,Ok.,Ok.
23,2026-08-20T19:01:32.691,2026-08-20T19:01:40.578,800.0,492.3,492.29998779296875,10,37448918,37448941,23,2.203,83.67790985107422,3.3754501342773438,RUN,OFF,Burst,INTERNAL,10.0,30.0,4312.0,Ok.,Ok.,Ok.,Ok.,Ok.,Ok.,Ok.
24,2026-08-20T19:01:40.578,2026-08-20T19:01:48.465,800.0,492.35,492.3500061035156,10,37448997,37449019,22,2.219,83.37390899658203,3.3754215240478516,RUN,OFF,Burst,INTERNAL,10.0,30.0,4310.0,Ok.,Ok.,Ok.,Ok.,Ok.,Ok.,Ok.
25,2026-08-20T19:01:48.465,2026-08-20T19:01:56.336,800.0,492.4,492.3999938964844,10,37449076,37449098,22,2.203,83.99165344238281,3.3754138946533203,RUN,OFF,Burst,INTERNAL,10.0,30.0,4310.0,Ok.,Ok.,Ok.,Ok.,Ok.,Ok.,Ok.
26,2026-08-20T19:01:56.336,2026-08-20T19:02:04.223,800.0,492.45,492.45001220703125,10,37449155,37449177,22,2.203,82.72032928466797,3.3754119873046875,RUN,OFF,Burst,INTERNAL,10.0,30.0,4310.0,Ok.,Ok.,Ok.,Ok.,Ok.,Ok.,Ok.
27,2026-08-20T19:02:04.223,2026-08-20T19:02:12.205,800.0,492.5,492.5,10,37449235,37449257,22,2.203,83.390869140625,3.3754119873046875,RUN,OFF,Burst,INTERNAL,10.0,30.0,4311.0,Ok.,Ok.,Ok.,Ok.,Ok.,Ok.,Ok.
28,2026-08-20T19:02:12.205,2026-08-20T19:02:20.091,800.0,492.55,492.54998779296875,10,37449313,37449336,23,2.219,83.15447235107422,3.3754119873046875,RUN,OFF,Burst,INTERNAL,10.0,30.0,4310.0,Ok.,Ok.,Ok.,Ok.,Ok.,Ok.,Ok.
29,2026-08-20T19:02:20.091,2026-08-20T19:02:27.967,800.0,492.6,492.6000061035156,10,37449392,37449414,22,2.203,82.96530151367188,3.3754119873046875,RUN,OFF,Burst,INTERNAL,10.0,30.0,4309.0,Ok.,Ok.,Ok.,Ok.,Ok.,Ok.,Ok.
30,2026-08-20T19:02:27.967,2026-08-20T19:02:35.857,800.0,492.65,492.6499938964844,10,37449471,37449493,22,2.203,84.17941284179688,3.3754119873046875,RUN,OFF,Burst,INTERNAL,10.0,30.0,4311.0,Ok.,Ok.,Ok.,Ok.,Ok.,Ok.,Ok.
31,2026-08-20T19:02:35.857,2026-08-20T19:02:43.725,800.0,492.7,492.70001220703125,10,37449550,37449572,22,2.203,84.896728515625,3.3754119873046875,RUN,OFF,Burst,INTERNAL,10.0,30.0,4311.0,Ok.,Ok.,Ok.,Ok.,Ok.,Ok.,Ok.
32,2026-08-20T19:02:43.725,2026-08-20T19:02:51.607,800.0,492.75,492.75,10,37449629,37449651,22,2.218,83.73986053466797,3.3754119873046875,RUN,OFF,Burst,INTERNAL,10.0,30.0,4308.0,Ok.,Ok.,Ok.,Ok.,Ok.,Ok.,Ok.
33,2026-08-20T19:02:51.607,2026-08-20T19:02:59.487,800.0,492.8,492.79998779296875,10,37449707,37449730,23,2.203,84.2449951171875,3.3754119873046875,RUN,OFF,Burst,INTERNAL,10.0,30.0,4311.0,Ok.,Ok.,Ok.,Ok.,Ok.,Ok.,Ok.
34,2026-08-20T19:02:59.487,2026-08-20T19:03:07.364,800.0,492.85,492.8500061035156,10,37449786,37449808,22,2.203,83.08365631103516,3.3754119873046875,RUN,OFF,Burst,INTERNAL,10.0,30.0,4312.0,Ok.,Ok.,Ok.,Ok.,Ok.,Ok.,Ok.
35,2026-08-20T19:03:07.364,2026-08-20T19:03:15.260,800.0,492.9,492.8999938964844,10,37449865,37449887,22,2.203,84.05960083007812,3.3754119873046875,RUN,OFF,Burst,INTERNAL,10.0,30.0,4310.0,Ok.,Ok.,Ok.,Ok.,Ok.,Ok.,Ok.
36,2026-08-20T19:03:15.260,2026-08-20T19:03:23.132,800.0,492.95,492.95001220703125,10,37449944,37449966,22,2.203,83.66561889648438,3.3754119873046875,RUN,OFF,Burst,INTERNAL,10.0,30.0,4310.0,Ok.,Ok.,Ok.,Ok.,Ok.,Ok.,Ok.
37,2026-08-20T19:03:23.143,2026-08-20T19:03:31.044,800.0,493.0,493.0,10,37450023,37450045,22,2.203,82.60533142089844,3.3754119873046875,RUN,OFF,Burst,INTERNAL,10.0,30.0,4310.0,Ok.,Ok.,Ok.,Ok.,Ok.,Ok.,Ok.
38,2026-08-20T19:03:31.044,2026-08-20T19:03:38.909,800.0,493.05,493.04998779296875,10,37450102,37450124,22,2.203,82.38381958007812,3.3754119873046875,RUN,OFF,Burst,INTERNAL,10.0,30.0,4310.0,Ok.,Ok.,Ok.,Ok.,Ok.,Ok.,Ok.
39,2026-08-20T19:03:38.909,2026-08-20T19:03:46.803,800.0,493.1,493.1000061035156,10,37450181,37450203,22,2.203,83.19168853759766,3.3754119873046875,RUN,OFF,Burst,INTERNAL,10.0,30.0,4310.0,Ok.,Ok.,Ok.,Ok.,Ok.,Ok.,Ok.
40,2026-08-20T19:03:46.803,2026-08-20T19:03:54.789,800.0,493.15,493.1499938964844,10,37450260,37450283,23,2.203,83.74203491210938,3.3754119873046875,RUN,OFF,Burst,INTERNAL,10.0,30.0,4309.0,Ok.,Ok.,Ok.,Ok.,Ok.,Ok.,Ok.
41,2026-08-20T19:03:54.789,2026-08-20T19:04:02.681,800.0,493.2,493.20001220703125,10,37450339,37450361,22,2.203,83.56200408935547,3.3754119873046875,RUN,OFF,Burst,INTERNAL,10.0,30.0,4311.0,Ok.,Ok.,Ok.,Ok.,Ok.,Ok.,Ok.
42,2026-08-20T19:04:02.681,2026-08-20T19:04:10.575,800.0,493.25,493.25,10,37450418,37450441,23,2.203,83.70565032958984,3.3754119873046875,RUN,OFF,Burst,INTERNAL,10.0,30.0,4311.0,Ok.,Ok.,Ok.,Ok.,Ok.,Ok.,Ok.
43,2026-08-20T19:04:10.575,2026-08-20T19:04:18.469,800.0,493.3,493.29998779296875,10,37450497,37450519,22,2.219,84.34573364257812,3.3754119873046875,RUN,OFF,Burst,INTERNAL,10.0,30.0,4309.0,Ok.,Ok.,Ok.,Ok.,Ok.,Ok.,Ok.
44,2026-08-20T19:04:18.469,2026-08-20T19:04:26.320,800.0,493.35,493.3500061035156,10,37450576,37450598,22,2.219,83.17855834960938,3.3754119873046875,RUN,OFF,Burst,INTERNAL,10.0,30.0,4311.0,Ok.,Ok.,Ok.,Ok.,Ok.,Ok.,Ok.
45,2026-08-20T19:04:26.320,2026-08-20T19:04:34.207,800.0,493.4,493.3999938964844,10,37450655,37450677,22,2.203,83.8494644165039,3.3754119873046875,RUN,OFF,Burst,INTERNAL,10.0,30.0,4312.0,Ok.,Ok.,Ok.,Ok.,Ok.,Ok.,Ok.
46,2026-08-20T19:04:34.207,2026-08-20T19:04:42.084,800.0,493.45,493.45001220703125,10,37450733,37450756,23,2.219,83.12741088867188,3.3754119873046875,RUN,OFF,Burst,INTERNAL,10.0,30.0,4310.0,Ok.,Ok.,Ok.,Ok.,Ok.,Ok.,Ok.
47,2026-08-20T19:04:42.084,2026-08-20T19:04:49.996,800.0,493.5,493.5,10,37450812,37450835,23,2.219,83.81464385986328,3.3754119873046875,RUN,OFF,Burst,INTERNAL,10.0,30.0,4310.0,Ok.,Ok.,Ok.,Ok.,Ok.,Ok.,Ok.
48,2026-08-20T19:04:49.996,2026-08-20T19:04:57.875,800.0,493.55,493.54998779296875,10,37450891,37450913,22,2.203,83.34761810302734,3.4281527996063232,RUN,OFF,Burst,INTERNAL,10.0,30.0,4312.0,Ok.,Ok.,Ok.,Ok.,Ok.,Ok.,Ok.
49,2026-08-20T19:04:57.882,2026-08-20T19:05:05.765,800.0,493.6,493.6000061035156,10,37450970,37450992,22,2.203,83.6144027709961,3.3892860412597656,RUN,OFF,Burst,INTERNAL,10.0,30.0,4310.0,Ok.,Ok.,Ok.,Ok.,Ok.,Ok.,Ok.
50,2026-08-20T19:05:05.765,2026-08-20T19:05:13.633,800.0,493.65,493.6499938964844,10,37451049,37451071,22,2.203,83.66886901855469,3.379061222076416,RUN,OFF,Burst,INTERNAL,10.0,30.0,4310.0,Ok.,Ok.,Ok.,Ok.,Ok.,Ok.,Ok.
51,2026-08-20T19:05:13.633,2026-08-20T19:05:21.516,800.0,493.7,493.70001220703125,10,37451128,37451150,22,2.203,83.93986511230469,3.376371383666992,RUN,OFF,Burst,INTERNAL,10.0,30.0,4310.0,Ok.,Ok.,Ok.,Ok.,Ok.,Ok.,Ok.
